Time;Command;AffectedRows;ElapsedTime
2018.04.08_21:40:20;DML_INSERT;10000;1264
2018.04.08_21:40:30;Egyedi: UPDATE Tanulok SET Email='updatelt@gmail.com' WHERE 1;10000;83
2018.04.08_21:40:30;Egyedi: UPDATE Tanulok SET Email='updatelt@gmail.com' WHERE 1;10000;50
2018.04.08_21:40:30;Egyedi: UPDATE Tanulok SET Email='updatelt@gmail.com' WHERE 1;10000;37
2018.04.08_21:40:30;Egyedi: UPDATE Tanulok SET Email='updatelt@gmail.com' WHERE 1;10000;46
2018.04.08_21:40:30;Egyedi: UPDATE Tanulok SET Email='updatelt@gmail.com' WHERE 1;10000;62
2018.04.08_21:40:30;Egyedi: UPDATE Tanulok SET Email='updatelt@gmail.com' WHERE 1;10000;41
2018.04.08_21:40:30;Egyedi: UPDATE Tanulok SET Email='updatelt@gmail.com' WHERE 1;10000;47
2018.04.08_21:40:30;Egyedi: UPDATE Tanulok SET Email='updatelt@gmail.com' WHERE 1;10000;64
2018.04.08_21:40:30;Egyedi: UPDATE Tanulok SET Email='updatelt@gmail.com' WHERE 1;10000;51
2018.04.08_21:40:31;Egyedi: UPDATE Tanulok SET Email='updatelt@gmail.com' WHERE 1;10000;57
2018.04.08_21:40:31;Egyedi: UPDATE Tanulok SET Email='updatelt@gmail.com' WHERE 1;10000;50
2018.04.08_21:40:31;Egyedi: UPDATE Tanulok SET Email='updatelt@gmail.com' WHERE 1;10000;39
2018.04.08_21:40:31;Egyedi: UPDATE Tanulok SET Email='updatelt@gmail.com' WHERE 1;10000;37
2018.04.08_21:40:31;Egyedi: UPDATE Tanulok SET Email='updatelt@gmail.com' WHERE 1;10000;40
2018.04.08_21:40:31;Egyedi: UPDATE Tanulok SET Email='updatelt@gmail.com' WHERE 1;10000;38
2018.04.08_21:40:31;Egyedi: UPDATE Tanulok SET Email='updatelt@gmail.com' WHERE 1;10000;43
2018.04.08_21:40:31;Egyedi: UPDATE Tanulok SET Email='updatelt@gmail.com' WHERE 1;10000;43
2018.04.08_21:40:31;Egyedi: UPDATE Tanulok SET Email='updatelt@gmail.com' WHERE 1;10000;46
2018.04.08_21:40:31;Egyedi: UPDATE Tanulok SET Email='updatelt@gmail.com' WHERE 1;10000;45
2018.04.08_21:40:31;Egyedi: UPDATE Tanulok SET Email='updatelt@gmail.com' WHERE 1;10000;47
2018.04.08_21:40:31;Egyedi: UPDATE Tanulok SET Email='updatelt@gmail.com' WHERE 1;10000;37
2018.04.08_21:40:31;Egyedi: UPDATE Tanulok SET Email='updatelt@gmail.com' WHERE 1;10000;37
2018.04.08_21:40:31;Egyedi: UPDATE Tanulok SET Email='updatelt@gmail.com' WHERE 1;10000;38
2018.04.08_21:40:31;Egyedi: UPDATE Tanulok SET Email='updatelt@gmail.com' WHERE 1;10000;50
2018.04.08_21:40:31;Egyedi: UPDATE Tanulok SET Email='updatelt@gmail.com' WHERE 1;10000;46
2018.04.08_21:40:31;Egyedi: UPDATE Tanulok SET Email='updatelt@gmail.com' WHERE 1;10000;43
2018.04.08_21:40:31;Egyedi: UPDATE Tanulok SET Email='updatelt@gmail.com' WHERE 1;10000;44
2018.04.08_21:40:31;Egyedi: UPDATE Tanulok SET Email='updatelt@gmail.com' WHERE 1;10000;41
2018.04.08_21:40:31;Egyedi: UPDATE Tanulok SET Email='updatelt@gmail.com' WHERE 1;10000;39
2018.04.08_21:40:31;Egyedi: UPDATE Tanulok SET Email='updatelt@gmail.com' WHERE 1;10000;41
2018.04.08_21:40:31;Egyedi: UPDATE Tanulok SET Email='updatelt@gmail.com' WHERE 1;10000;49
2018.04.08_21:40:31;Egyedi: UPDATE Tanulok SET Email='updatelt@gmail.com' WHERE 1;10000;48
2018.04.08_21:40:32;Egyedi: UPDATE Tanulok SET Email='updatelt@gmail.com' WHERE 1;10000;39
2018.04.08_21:40:32;Egyedi: UPDATE Tanulok SET Email='updatelt@gmail.com' WHERE 1;10000;40
2018.04.08_21:40:32;Egyedi: UPDATE Tanulok SET Email='updatelt@gmail.com' WHERE 1;10000;56
2018.04.08_21:40:32;Egyedi: UPDATE Tanulok SET Email='updatelt@gmail.com' WHERE 1;10000;55
2018.04.08_21:40:32;Egyedi: UPDATE Tanulok SET Email='updatelt@gmail.com' WHERE 1;10000;61
2018.04.08_21:40:32;Egyedi: UPDATE Tanulok SET Email='updatelt@gmail.com' WHERE 1;10000;64
2018.04.08_21:40:32;Egyedi: UPDATE Tanulok SET Email='updatelt@gmail.com' WHERE 1;10000;66
2018.04.08_21:40:32;Egyedi: UPDATE Tanulok SET Email='updatelt@gmail.com' WHERE 1;10000;49
2018.04.08_21:40:32;Egyedi: UPDATE Tanulok SET Email='updatelt@gmail.com' WHERE 1;10000;53
2018.04.08_21:40:32;Egyedi: UPDATE Tanulok SET Email='updatelt@gmail.com' WHERE 1;10000;48
2018.04.08_21:40:32;Egyedi: UPDATE Tanulok SET Email='updatelt@gmail.com' WHERE 1;10000;41
2018.04.08_21:40:32;Egyedi: UPDATE Tanulok SET Email='updatelt@gmail.com' WHERE 1;10000;50
2018.04.08_21:40:32;Egyedi: UPDATE Tanulok SET Email='updatelt@gmail.com' WHERE 1;10000;40
2018.04.08_21:40:32;Egyedi: UPDATE Tanulok SET Email='updatelt@gmail.com' WHERE 1;10000;36
2018.04.08_21:40:32;Egyedi: UPDATE Tanulok SET Email='updatelt@gmail.com' WHERE 1;10000;37
2018.04.08_21:40:32;Egyedi: UPDATE Tanulok SET Email='updatelt@gmail.com' WHERE 1;10000;37
2018.04.08_21:40:32;Egyedi: UPDATE Tanulok SET Email='updatelt@gmail.com' WHERE 1;10000;39
2018.04.08_21:40:32;Egyedi: UPDATE Tanulok SET Email='updatelt@gmail.com' WHERE 1;10000;37
2018.04.08_21:40:32;Egyedi: UPDATE Tanulok SET Email='updatelt@gmail.com' WHERE 1;10000;44
2018.04.08_21:40:32;Egyedi: UPDATE Tanulok SET Email='updatelt@gmail.com' WHERE 1;10000;55
2018.04.08_21:40:32;Egyedi: UPDATE Tanulok SET Email='updatelt@gmail.com' WHERE 1;10000;58
2018.04.08_21:40:33;Egyedi: UPDATE Tanulok SET Email='updatelt@gmail.com' WHERE 1;10000;39
2018.04.08_21:40:33;Egyedi: UPDATE Tanulok SET Email='updatelt@gmail.com' WHERE 1;10000;48
2018.04.08_21:40:33;Egyedi: UPDATE Tanulok SET Email='updatelt@gmail.com' WHERE 1;10000;40
2018.04.08_21:40:33;Egyedi: UPDATE Tanulok SET Email='updatelt@gmail.com' WHERE 1;10000;38
2018.04.08_21:40:33;Egyedi: UPDATE Tanulok SET Email='updatelt@gmail.com' WHERE 1;10000;37
2018.04.08_21:40:33;Egyedi: UPDATE Tanulok SET Email='updatelt@gmail.com' WHERE 1;10000;38
2018.04.08_21:40:33;Egyedi: UPDATE Tanulok SET Email='updatelt@gmail.com' WHERE 1;10000;37
2018.04.08_21:40:33;Egyedi: UPDATE Tanulok SET Email='updatelt@gmail.com' WHERE 1;10000;37
2018.04.08_21:40:33;Egyedi: UPDATE Tanulok SET Email='updatelt@gmail.com' WHERE 1;10000;39
2018.04.08_21:40:33;Egyedi: UPDATE Tanulok SET Email='updatelt@gmail.com' WHERE 1;10000;46
2018.04.08_21:40:33;Egyedi: UPDATE Tanulok SET Email='updatelt@gmail.com' WHERE 1;10000;38
2018.04.08_21:40:33;Egyedi: UPDATE Tanulok SET Email='updatelt@gmail.com' WHERE 1;10000;40
2018.04.08_21:40:33;Egyedi: UPDATE Tanulok SET Email='updatelt@gmail.com' WHERE 1;10000;40
2018.04.08_21:40:33;Egyedi: UPDATE Tanulok SET Email='updatelt@gmail.com' WHERE 1;10000;39
2018.04.08_21:40:33;Egyedi: UPDATE Tanulok SET Email='updatelt@gmail.com' WHERE 1;10000;56
2018.04.08_21:40:33;Egyedi: UPDATE Tanulok SET Email='updatelt@gmail.com' WHERE 1;10000;62
2018.04.08_21:40:33;Egyedi: UPDATE Tanulok SET Email='updatelt@gmail.com' WHERE 1;10000;61
2018.04.08_21:40:33;Egyedi: UPDATE Tanulok SET Email='updatelt@gmail.com' WHERE 1;10000;53
2018.04.08_21:40:33;Egyedi: UPDATE Tanulok SET Email='updatelt@gmail.com' WHERE 1;10000;44
2018.04.08_21:40:33;Egyedi: UPDATE Tanulok SET Email='updatelt@gmail.com' WHERE 1;10000;62
2018.04.08_21:40:33;Egyedi: UPDATE Tanulok SET Email='updatelt@gmail.com' WHERE 1;10000;44
2018.04.08_21:40:34;Egyedi: UPDATE Tanulok SET Email='updatelt@gmail.com' WHERE 1;10000;52
2018.04.08_21:40:34;Egyedi: UPDATE Tanulok SET Email='updatelt@gmail.com' WHERE 1;10000;42
2018.04.08_21:40:34;Egyedi: UPDATE Tanulok SET Email='updatelt@gmail.com' WHERE 1;10000;45
2018.04.08_21:40:34;Egyedi: UPDATE Tanulok SET Email='updatelt@gmail.com' WHERE 1;10000;46
2018.04.08_21:40:34;Egyedi: UPDATE Tanulok SET Email='updatelt@gmail.com' WHERE 1;10000;38
2018.04.08_21:40:34;Egyedi: UPDATE Tanulok SET Email='updatelt@gmail.com' WHERE 1;10000;49
2018.04.08_21:40:34;Egyedi: UPDATE Tanulok SET Email='updatelt@gmail.com' WHERE 1;10000;46
2018.04.08_21:40:34;Egyedi: UPDATE Tanulok SET Email='updatelt@gmail.com' WHERE 1;10000;38
2018.04.08_21:40:34;Egyedi: UPDATE Tanulok SET Email='updatelt@gmail.com' WHERE 1;10000;53
2018.04.08_21:40:34;Egyedi: UPDATE Tanulok SET Email='updatelt@gmail.com' WHERE 1;10000;40
2018.04.08_21:40:34;Egyedi: UPDATE Tanulok SET Email='updatelt@gmail.com' WHERE 1;10000;37
2018.04.08_21:40:34;Egyedi: UPDATE Tanulok SET Email='updatelt@gmail.com' WHERE 1;10000;37
2018.04.08_21:40:34;Egyedi: UPDATE Tanulok SET Email='updatelt@gmail.com' WHERE 1;10000;41
2018.04.08_21:40:34;Egyedi: UPDATE Tanulok SET Email='updatelt@gmail.com' WHERE 1;10000;37
2018.04.08_21:40:34;Egyedi: UPDATE Tanulok SET Email='updatelt@gmail.com' WHERE 1;10000;36
2018.04.08_21:40:34;Egyedi: UPDATE Tanulok SET Email='updatelt@gmail.com' WHERE 1;10000;37
2018.04.08_21:40:34;Egyedi: UPDATE Tanulok SET Email='updatelt@gmail.com' WHERE 1;10000;37
2018.04.08_21:40:34;Egyedi: UPDATE Tanulok SET Email='updatelt@gmail.com' WHERE 1;10000;38
2018.04.08_21:40:34;Egyedi: UPDATE Tanulok SET Email='updatelt@gmail.com' WHERE 1;10000;44
2018.04.08_21:40:34;Egyedi: UPDATE Tanulok SET Email='updatelt@gmail.com' WHERE 1;10000;39
2018.04.08_21:40:34;Egyedi: UPDATE Tanulok SET Email='updatelt@gmail.com' WHERE 1;10000;42
2018.04.08_21:40:34;Egyedi: UPDATE Tanulok SET Email='updatelt@gmail.com' WHERE 1;10000;83
2018.04.08_21:40:34;Egyedi: UPDATE Tanulok SET Email='updatelt@gmail.com' WHERE 1;10000;60
2018.04.08_21:40:35;Egyedi: UPDATE Tanulok SET Email='updatelt@gmail.com' WHERE 1;10000;46
2018.04.08_21:40:35;Egyedi: UPDATE Tanulok SET Email='updatelt@gmail.com' WHERE 1;10000;37
2018.04.08_21:40:35;Egyedi: UPDATE Tanulok SET Email='updatelt@gmail.com' WHERE 1;10000;40
2018.04.08_21:40:48;DML_INSERT;10000;1322
2018.04.08_21:40:49;Egyedi: UPDATE Tanulok SET Email='updatelt@gmail.com' WHERE 1;20000;123
2018.04.08_21:40:49;Egyedi: UPDATE Tanulok SET Email='updatelt@gmail.com' WHERE 1;20000;79
2018.04.08_21:40:49;Egyedi: UPDATE Tanulok SET Email='updatelt@gmail.com' WHERE 1;20000;78
2018.04.08_21:40:49;Egyedi: UPDATE Tanulok SET Email='updatelt@gmail.com' WHERE 1;20000;92
2018.04.08_21:40:49;Egyedi: UPDATE Tanulok SET Email='updatelt@gmail.com' WHERE 1;20000;82
2018.04.08_21:40:49;Egyedi: UPDATE Tanulok SET Email='updatelt@gmail.com' WHERE 1;20000;75
2018.04.08_21:40:49;Egyedi: UPDATE Tanulok SET Email='updatelt@gmail.com' WHERE 1;20000;78
2018.04.08_21:40:49;Egyedi: UPDATE Tanulok SET Email='updatelt@gmail.com' WHERE 1;20000;90
2018.04.08_21:40:49;Egyedi: UPDATE Tanulok SET Email='updatelt@gmail.com' WHERE 1;20000;84
2018.04.08_21:40:49;Egyedi: UPDATE Tanulok SET Email='updatelt@gmail.com' WHERE 1;20000;118
2018.04.08_21:40:49;Egyedi: UPDATE Tanulok SET Email='updatelt@gmail.com' WHERE 1;20000;109
2018.04.08_21:40:50;Egyedi: UPDATE Tanulok SET Email='updatelt@gmail.com' WHERE 1;20000;98
2018.04.08_21:40:50;Egyedi: UPDATE Tanulok SET Email='updatelt@gmail.com' WHERE 1;20000;74
2018.04.08_21:40:50;Egyedi: UPDATE Tanulok SET Email='updatelt@gmail.com' WHERE 1;20000;74
2018.04.08_21:40:50;Egyedi: UPDATE Tanulok SET Email='updatelt@gmail.com' WHERE 1;20000;79
2018.04.08_21:40:50;Egyedi: UPDATE Tanulok SET Email='updatelt@gmail.com' WHERE 1;20000;74
2018.04.08_21:40:50;Egyedi: UPDATE Tanulok SET Email='updatelt@gmail.com' WHERE 1;20000;83
2018.04.08_21:40:50;Egyedi: UPDATE Tanulok SET Email='updatelt@gmail.com' WHERE 1;20000;92
2018.04.08_21:40:50;Egyedi: UPDATE Tanulok SET Email='updatelt@gmail.com' WHERE 1;20000;81
2018.04.08_21:40:50;Egyedi: UPDATE Tanulok SET Email='updatelt@gmail.com' WHERE 1;20000;74
2018.04.08_21:40:50;Egyedi: UPDATE Tanulok SET Email='updatelt@gmail.com' WHERE 1;20000;78
2018.04.08_21:40:50;Egyedi: UPDATE Tanulok SET Email='updatelt@gmail.com' WHERE 1;20000;77
2018.04.08_21:40:50;Egyedi: UPDATE Tanulok SET Email='updatelt@gmail.com' WHERE 1;20000;77
2018.04.08_21:40:51;Egyedi: UPDATE Tanulok SET Email='updatelt@gmail.com' WHERE 1;20000;94
2018.04.08_21:40:51;Egyedi: UPDATE Tanulok SET Email='updatelt@gmail.com' WHERE 1;20000;140
2018.04.08_21:40:51;Egyedi: UPDATE Tanulok SET Email='updatelt@gmail.com' WHERE 1;20000;130
2018.04.08_21:40:51;Egyedi: UPDATE Tanulok SET Email='updatelt@gmail.com' WHERE 1;20000;111
2018.04.08_21:40:51;Egyedi: UPDATE Tanulok SET Email='updatelt@gmail.com' WHERE 1;20000;119
2018.04.08_21:40:51;Egyedi: UPDATE Tanulok SET Email='updatelt@gmail.com' WHERE 1;20000;76
2018.04.08_21:40:51;Egyedi: UPDATE Tanulok SET Email='updatelt@gmail.com' WHERE 1;20000;75
2018.04.08_21:40:51;Egyedi: UPDATE Tanulok SET Email='updatelt@gmail.com' WHERE 1;20000;82
2018.04.08_21:40:51;Egyedi: UPDATE Tanulok SET Email='updatelt@gmail.com' WHERE 1;20000;76
2018.04.08_21:40:51;Egyedi: UPDATE Tanulok SET Email='updatelt@gmail.com' WHERE 1;20000;84
2018.04.08_21:40:51;Egyedi: UPDATE Tanulok SET Email='updatelt@gmail.com' WHERE 1;20000;92
2018.04.08_21:40:52;Egyedi: UPDATE Tanulok SET Email='updatelt@gmail.com' WHERE 1;20000;82
2018.04.08_21:40:52;Egyedi: UPDATE Tanulok SET Email='updatelt@gmail.com' WHERE 1;20000;83
2018.04.08_21:40:52;Egyedi: UPDATE Tanulok SET Email='updatelt@gmail.com' WHERE 1;20000;91
2018.04.08_21:40:52;Egyedi: UPDATE Tanulok SET Email='updatelt@gmail.com' WHERE 1;20000;83
2018.04.08_21:40:52;Egyedi: UPDATE Tanulok SET Email='updatelt@gmail.com' WHERE 1;20000;87
2018.04.08_21:40:52;Egyedi: UPDATE Tanulok SET Email='updatelt@gmail.com' WHERE 1;20000;92
2018.04.08_21:40:52;Egyedi: UPDATE Tanulok SET Email='updatelt@gmail.com' WHERE 1;20000;75
2018.04.08_21:40:52;Egyedi: UPDATE Tanulok SET Email='updatelt@gmail.com' WHERE 1;20000;84
2018.04.08_21:40:52;Egyedi: UPDATE Tanulok SET Email='updatelt@gmail.com' WHERE 1;20000;84
2018.04.08_21:40:52;Egyedi: UPDATE Tanulok SET Email='updatelt@gmail.com' WHERE 1;20000;82
2018.04.08_21:40:52;Egyedi: UPDATE Tanulok SET Email='updatelt@gmail.com' WHERE 1;20000;119
2018.04.08_21:40:53;Egyedi: UPDATE Tanulok SET Email='updatelt@gmail.com' WHERE 1;20000;107
2018.04.08_21:40:53;Egyedi: UPDATE Tanulok SET Email='updatelt@gmail.com' WHERE 1;20000;76
2018.04.08_21:40:53;Egyedi: UPDATE Tanulok SET Email='updatelt@gmail.com' WHERE 1;20000;77
2018.04.08_21:40:53;Egyedi: UPDATE Tanulok SET Email='updatelt@gmail.com' WHERE 1;20000;77
2018.04.08_21:40:53;Egyedi: UPDATE Tanulok SET Email='updatelt@gmail.com' WHERE 1;20000;74
2018.04.08_21:40:53;Egyedi: UPDATE Tanulok SET Email='updatelt@gmail.com' WHERE 1;20000;77
2018.04.08_21:40:53;Egyedi: UPDATE Tanulok SET Email='updatelt@gmail.com' WHERE 1;20000;77
2018.04.08_21:40:53;Egyedi: UPDATE Tanulok SET Email='updatelt@gmail.com' WHERE 1;20000;77
2018.04.08_21:40:53;Egyedi: UPDATE Tanulok SET Email='updatelt@gmail.com' WHERE 1;20000;76
2018.04.08_21:40:53;Egyedi: UPDATE Tanulok SET Email='updatelt@gmail.com' WHERE 1;20000;83
2018.04.08_21:40:53;Egyedi: UPDATE Tanulok SET Email='updatelt@gmail.com' WHERE 1;20000;80
2018.04.08_21:40:53;Egyedi: UPDATE Tanulok SET Email='updatelt@gmail.com' WHERE 1;20000;107
2018.04.08_21:40:54;Egyedi: UPDATE Tanulok SET Email='updatelt@gmail.com' WHERE 1;20000;83
2018.04.08_21:40:54;Egyedi: UPDATE Tanulok SET Email='updatelt@gmail.com' WHERE 1;20000;77
2018.04.08_21:40:54;Egyedi: UPDATE Tanulok SET Email='updatelt@gmail.com' WHERE 1;20000;76
2018.04.08_21:40:54;Egyedi: UPDATE Tanulok SET Email='updatelt@gmail.com' WHERE 1;20000;125
2018.04.08_21:40:54;Egyedi: UPDATE Tanulok SET Email='updatelt@gmail.com' WHERE 1;20000;96
2018.04.08_21:40:54;Egyedi: UPDATE Tanulok SET Email='updatelt@gmail.com' WHERE 1;20000;99
2018.04.08_21:40:54;Egyedi: UPDATE Tanulok SET Email='updatelt@gmail.com' WHERE 1;20000;80
2018.04.08_21:40:54;Egyedi: UPDATE Tanulok SET Email='updatelt@gmail.com' WHERE 1;20000;74
2018.04.08_21:40:54;Egyedi: UPDATE Tanulok SET Email='updatelt@gmail.com' WHERE 1;20000;78
2018.04.08_21:40:54;Egyedi: UPDATE Tanulok SET Email='updatelt@gmail.com' WHERE 1;20000;73
2018.04.08_21:40:54;Egyedi: UPDATE Tanulok SET Email='updatelt@gmail.com' WHERE 1;20000;89
2018.04.08_21:40:55;Egyedi: UPDATE Tanulok SET Email='updatelt@gmail.com' WHERE 1;20000;100
2018.04.08_21:40:55;Egyedi: UPDATE Tanulok SET Email='updatelt@gmail.com' WHERE 1;20000;82
2018.04.08_21:40:55;Egyedi: UPDATE Tanulok SET Email='updatelt@gmail.com' WHERE 1;20000;75
2018.04.08_21:40:55;Egyedi: UPDATE Tanulok SET Email='updatelt@gmail.com' WHERE 1;20000;78
2018.04.08_21:40:55;Egyedi: UPDATE Tanulok SET Email='updatelt@gmail.com' WHERE 1;20000;73
2018.04.08_21:40:55;Egyedi: UPDATE Tanulok SET Email='updatelt@gmail.com' WHERE 1;20000;76
2018.04.08_21:40:55;Egyedi: UPDATE Tanulok SET Email='updatelt@gmail.com' WHERE 1;20000;73
2018.04.08_21:40:55;Egyedi: UPDATE Tanulok SET Email='updatelt@gmail.com' WHERE 1;20000;80
2018.04.08_21:40:55;Egyedi: UPDATE Tanulok SET Email='updatelt@gmail.com' WHERE 1;20000;104
2018.04.08_21:40:55;Egyedi: UPDATE Tanulok SET Email='updatelt@gmail.com' WHERE 1;20000;108
2018.04.08_21:40:55;Egyedi: UPDATE Tanulok SET Email='updatelt@gmail.com' WHERE 1;20000;110
2018.04.08_21:40:55;Egyedi: UPDATE Tanulok SET Email='updatelt@gmail.com' WHERE 1;20000;101
2018.04.08_21:40:56;Egyedi: UPDATE Tanulok SET Email='updatelt@gmail.com' WHERE 1;20000;89
2018.04.08_21:40:56;Egyedi: UPDATE Tanulok SET Email='updatelt@gmail.com' WHERE 1;20000;80
2018.04.08_21:40:56;Egyedi: UPDATE Tanulok SET Email='updatelt@gmail.com' WHERE 1;20000;118
2018.04.08_21:40:56;Egyedi: UPDATE Tanulok SET Email='updatelt@gmail.com' WHERE 1;20000;83
2018.04.08_21:40:56;Egyedi: UPDATE Tanulok SET Email='updatelt@gmail.com' WHERE 1;20000;76
2018.04.08_21:40:56;Egyedi: UPDATE Tanulok SET Email='updatelt@gmail.com' WHERE 1;20000;77
2018.04.08_21:40:56;Egyedi: UPDATE Tanulok SET Email='updatelt@gmail.com' WHERE 1;20000;73
2018.04.08_21:40:56;Egyedi: UPDATE Tanulok SET Email='updatelt@gmail.com' WHERE 1;20000;76
2018.04.08_21:40:56;Egyedi: UPDATE Tanulok SET Email='updatelt@gmail.com' WHERE 1;20000;75
2018.04.08_21:40:56;Egyedi: UPDATE Tanulok SET Email='updatelt@gmail.com' WHERE 1;20000;77
2018.04.08_21:40:56;Egyedi: UPDATE Tanulok SET Email='updatelt@gmail.com' WHERE 1;20000;94
2018.04.08_21:40:57;Egyedi: UPDATE Tanulok SET Email='updatelt@gmail.com' WHERE 1;20000;105
2018.04.08_21:40:57;Egyedi: UPDATE Tanulok SET Email='updatelt@gmail.com' WHERE 1;20000;98
2018.04.08_21:40:57;Egyedi: UPDATE Tanulok SET Email='updatelt@gmail.com' WHERE 1;20000;105
2018.04.08_21:40:57;Egyedi: UPDATE Tanulok SET Email='updatelt@gmail.com' WHERE 1;20000;110
2018.04.08_21:40:57;Egyedi: UPDATE Tanulok SET Email='updatelt@gmail.com' WHERE 1;20000;88
2018.04.08_21:40:57;Egyedi: UPDATE Tanulok SET Email='updatelt@gmail.com' WHERE 1;20000;125
2018.04.08_21:40:57;Egyedi: UPDATE Tanulok SET Email='updatelt@gmail.com' WHERE 1;20000;109
2018.04.08_21:40:57;Egyedi: UPDATE Tanulok SET Email='updatelt@gmail.com' WHERE 1;20000;89
2018.04.08_21:40:57;Egyedi: UPDATE Tanulok SET Email='updatelt@gmail.com' WHERE 1;20000;115
2018.04.08_21:41:07;DML_INSERT;10000;1281
2018.04.08_21:41:08;Egyedi: UPDATE Tanulok SET Email='updatelt@gmail.com' WHERE 1;30000;220
2018.04.08_21:41:08;Egyedi: UPDATE Tanulok SET Email='updatelt@gmail.com' WHERE 1;30000;128
2018.04.08_21:41:08;Egyedi: UPDATE Tanulok SET Email='updatelt@gmail.com' WHERE 1;30000;118
2018.04.08_21:41:08;Egyedi: UPDATE Tanulok SET Email='updatelt@gmail.com' WHERE 1;30000;128
2018.04.08_21:41:08;Egyedi: UPDATE Tanulok SET Email='updatelt@gmail.com' WHERE 1;30000;140
2018.04.08_21:41:08;Egyedi: UPDATE Tanulok SET Email='updatelt@gmail.com' WHERE 1;30000;166
2018.04.08_21:41:09;Egyedi: UPDATE Tanulok SET Email='updatelt@gmail.com' WHERE 1;30000;198
2018.04.08_21:41:09;Egyedi: UPDATE Tanulok SET Email='updatelt@gmail.com' WHERE 1;30000;115
2018.04.08_21:41:09;Egyedi: UPDATE Tanulok SET Email='updatelt@gmail.com' WHERE 1;30000;114
2018.04.08_21:41:09;Egyedi: UPDATE Tanulok SET Email='updatelt@gmail.com' WHERE 1;30000;114
2018.04.08_21:41:09;Egyedi: UPDATE Tanulok SET Email='updatelt@gmail.com' WHERE 1;30000;130
2018.04.08_21:41:09;Egyedi: UPDATE Tanulok SET Email='updatelt@gmail.com' WHERE 1;30000;117
2018.04.08_21:41:09;Egyedi: UPDATE Tanulok SET Email='updatelt@gmail.com' WHERE 1;30000;117
2018.04.08_21:41:09;Egyedi: UPDATE Tanulok SET Email='updatelt@gmail.com' WHERE 1;30000;114
2018.04.08_21:41:09;Egyedi: UPDATE Tanulok SET Email='updatelt@gmail.com' WHERE 1;30000;139
2018.04.08_21:41:10;Egyedi: UPDATE Tanulok SET Email='updatelt@gmail.com' WHERE 1;30000;196
2018.04.08_21:41:10;Egyedi: UPDATE Tanulok SET Email='updatelt@gmail.com' WHERE 1;30000;138
2018.04.08_21:41:10;Egyedi: UPDATE Tanulok SET Email='updatelt@gmail.com' WHERE 1;30000;129
2018.04.08_21:41:10;Egyedi: UPDATE Tanulok SET Email='updatelt@gmail.com' WHERE 1;30000;121
2018.04.08_21:41:10;Egyedi: UPDATE Tanulok SET Email='updatelt@gmail.com' WHERE 1;30000;153
2018.04.08_21:41:10;Egyedi: UPDATE Tanulok SET Email='updatelt@gmail.com' WHERE 1;30000;118
2018.04.08_21:41:10;Egyedi: UPDATE Tanulok SET Email='updatelt@gmail.com' WHERE 1;30000;134
2018.04.08_21:41:11;Egyedi: UPDATE Tanulok SET Email='updatelt@gmail.com' WHERE 1;30000;117
2018.04.08_21:41:11;Egyedi: UPDATE Tanulok SET Email='updatelt@gmail.com' WHERE 1;30000;115
2018.04.08_21:41:11;Egyedi: UPDATE Tanulok SET Email='updatelt@gmail.com' WHERE 1;30000;154
2018.04.08_21:41:11;Egyedi: UPDATE Tanulok SET Email='updatelt@gmail.com' WHERE 1;30000;191
2018.04.08_21:41:11;Egyedi: UPDATE Tanulok SET Email='updatelt@gmail.com' WHERE 1;30000;135
2018.04.08_21:41:11;Egyedi: UPDATE Tanulok SET Email='updatelt@gmail.com' WHERE 1;30000;124
2018.04.08_21:41:12;Egyedi: UPDATE Tanulok SET Email='updatelt@gmail.com' WHERE 1;30000;176
2018.04.08_21:41:12;Egyedi: UPDATE Tanulok SET Email='updatelt@gmail.com' WHERE 1;30000;201
2018.04.08_21:41:12;Egyedi: UPDATE Tanulok SET Email='updatelt@gmail.com' WHERE 1;30000;137
2018.04.08_21:41:12;Egyedi: UPDATE Tanulok SET Email='updatelt@gmail.com' WHERE 1;30000;113
2018.04.08_21:41:12;Egyedi: UPDATE Tanulok SET Email='updatelt@gmail.com' WHERE 1;30000;114
2018.04.08_21:41:12;Egyedi: UPDATE Tanulok SET Email='updatelt@gmail.com' WHERE 1;30000;133
2018.04.08_21:41:12;Egyedi: UPDATE Tanulok SET Email='updatelt@gmail.com' WHERE 1;30000;115
2018.04.08_21:41:12;Egyedi: UPDATE Tanulok SET Email='updatelt@gmail.com' WHERE 1;30000;153
2018.04.08_21:41:13;Egyedi: UPDATE Tanulok SET Email='updatelt@gmail.com' WHERE 1;30000;166
2018.04.08_21:41:13;Egyedi: UPDATE Tanulok SET Email='updatelt@gmail.com' WHERE 1;30000;163
2018.04.08_21:41:13;Egyedi: UPDATE Tanulok SET Email='updatelt@gmail.com' WHERE 1;30000;195
2018.04.08_21:41:13;Egyedi: UPDATE Tanulok SET Email='updatelt@gmail.com' WHERE 1;30000;137
2018.04.08_21:41:13;Egyedi: UPDATE Tanulok SET Email='updatelt@gmail.com' WHERE 1;30000;140
2018.04.08_21:41:13;Egyedi: UPDATE Tanulok SET Email='updatelt@gmail.com' WHERE 1;30000;169
2018.04.08_21:41:14;Egyedi: UPDATE Tanulok SET Email='updatelt@gmail.com' WHERE 1;30000;174
2018.04.08_21:41:14;Egyedi: UPDATE Tanulok SET Email='updatelt@gmail.com' WHERE 1;30000;125
2018.04.08_21:41:14;Egyedi: UPDATE Tanulok SET Email='updatelt@gmail.com' WHERE 1;30000;115
2018.04.08_21:41:14;Egyedi: UPDATE Tanulok SET Email='updatelt@gmail.com' WHERE 1;30000;114
2018.04.08_21:41:14;Egyedi: UPDATE Tanulok SET Email='updatelt@gmail.com' WHERE 1;30000;146
2018.04.08_21:41:14;Egyedi: UPDATE Tanulok SET Email='updatelt@gmail.com' WHERE 1;30000;123
2018.04.08_21:41:14;Egyedi: UPDATE Tanulok SET Email='updatelt@gmail.com' WHERE 1;30000;158
2018.04.08_21:41:15;Egyedi: UPDATE Tanulok SET Email='updatelt@gmail.com' WHERE 1;30000;143
2018.04.08_21:41:15;Egyedi: UPDATE Tanulok SET Email='updatelt@gmail.com' WHERE 1;30000;120
2018.04.08_21:41:15;Egyedi: UPDATE Tanulok SET Email='updatelt@gmail.com' WHERE 1;30000;121
2018.04.08_21:41:15;Egyedi: UPDATE Tanulok SET Email='updatelt@gmail.com' WHERE 1;30000;118
2018.04.08_21:41:15;Egyedi: UPDATE Tanulok SET Email='updatelt@gmail.com' WHERE 1;30000;132
2018.04.08_21:41:15;Egyedi: UPDATE Tanulok SET Email='updatelt@gmail.com' WHERE 1;30000;111
2018.04.08_21:41:15;Egyedi: UPDATE Tanulok SET Email='updatelt@gmail.com' WHERE 1;30000;131
2018.04.08_21:41:15;Egyedi: UPDATE Tanulok SET Email='updatelt@gmail.com' WHERE 1;30000;133
2018.04.08_21:41:16;Egyedi: UPDATE Tanulok SET Email='updatelt@gmail.com' WHERE 1;30000;139
2018.04.08_21:41:16;Egyedi: UPDATE Tanulok SET Email='updatelt@gmail.com' WHERE 1;30000;143
2018.04.08_21:41:16;Egyedi: UPDATE Tanulok SET Email='updatelt@gmail.com' WHERE 1;30000;169
2018.04.08_21:41:16;Egyedi: UPDATE Tanulok SET Email='updatelt@gmail.com' WHERE 1;30000;214
2018.04.08_21:41:16;Egyedi: UPDATE Tanulok SET Email='updatelt@gmail.com' WHERE 1;30000;151
2018.04.08_21:41:16;Egyedi: UPDATE Tanulok SET Email='updatelt@gmail.com' WHERE 1;30000;130
2018.04.08_21:41:17;Egyedi: UPDATE Tanulok SET Email='updatelt@gmail.com' WHERE 1;30000;129
2018.04.08_21:41:17;Egyedi: UPDATE Tanulok SET Email='updatelt@gmail.com' WHERE 1;30000;195
2018.04.08_21:41:17;Egyedi: UPDATE Tanulok SET Email='updatelt@gmail.com' WHERE 1;30000;156
2018.04.08_21:41:17;Egyedi: UPDATE Tanulok SET Email='updatelt@gmail.com' WHERE 1;30000;116
2018.04.08_21:41:17;Egyedi: UPDATE Tanulok SET Email='updatelt@gmail.com' WHERE 1;30000;116
2018.04.08_21:41:17;Egyedi: UPDATE Tanulok SET Email='updatelt@gmail.com' WHERE 1;30000;163
2018.04.08_21:41:17;Egyedi: UPDATE Tanulok SET Email='updatelt@gmail.com' WHERE 1;30000;159
2018.04.08_21:41:18;Egyedi: UPDATE Tanulok SET Email='updatelt@gmail.com' WHERE 1;30000;159
2018.04.08_21:41:18;Egyedi: UPDATE Tanulok SET Email='updatelt@gmail.com' WHERE 1;30000;133
2018.04.08_21:41:18;Egyedi: UPDATE Tanulok SET Email='updatelt@gmail.com' WHERE 1;30000;123
2018.04.08_21:41:18;Egyedi: UPDATE Tanulok SET Email='updatelt@gmail.com' WHERE 1;30000;133
2018.04.08_21:41:18;Egyedi: UPDATE Tanulok SET Email='updatelt@gmail.com' WHERE 1;30000;112
2018.04.08_21:41:18;Egyedi: UPDATE Tanulok SET Email='updatelt@gmail.com' WHERE 1;30000;182
2018.04.08_21:41:18;Egyedi: UPDATE Tanulok SET Email='updatelt@gmail.com' WHERE 1;30000;167
2018.04.08_21:41:19;Egyedi: UPDATE Tanulok SET Email='updatelt@gmail.com' WHERE 1;30000;146
2018.04.08_21:41:19;Egyedi: UPDATE Tanulok SET Email='updatelt@gmail.com' WHERE 1;30000;120
2018.04.08_21:41:19;Egyedi: UPDATE Tanulok SET Email='updatelt@gmail.com' WHERE 1;30000;130
2018.04.08_21:41:19;Egyedi: UPDATE Tanulok SET Email='updatelt@gmail.com' WHERE 1;30000;157
2018.04.08_21:41:19;Egyedi: UPDATE Tanulok SET Email='updatelt@gmail.com' WHERE 1;30000;179
2018.04.08_21:41:19;Egyedi: UPDATE Tanulok SET Email='updatelt@gmail.com' WHERE 1;30000;125
2018.04.08_21:41:19;Egyedi: UPDATE Tanulok SET Email='updatelt@gmail.com' WHERE 1;30000;123
2018.04.08_21:41:20;Egyedi: UPDATE Tanulok SET Email='updatelt@gmail.com' WHERE 1;30000;123
2018.04.08_21:41:20;Egyedi: UPDATE Tanulok SET Email='updatelt@gmail.com' WHERE 1;30000;114
2018.04.08_21:41:20;Egyedi: UPDATE Tanulok SET Email='updatelt@gmail.com' WHERE 1;30000;137
2018.04.08_21:41:20;Egyedi: UPDATE Tanulok SET Email='updatelt@gmail.com' WHERE 1;30000;127
2018.04.08_21:41:20;Egyedi: UPDATE Tanulok SET Email='updatelt@gmail.com' WHERE 1;30000;124
2018.04.08_21:41:20;Egyedi: UPDATE Tanulok SET Email='updatelt@gmail.com' WHERE 1;30000;114
2018.04.08_21:41:20;Egyedi: UPDATE Tanulok SET Email='updatelt@gmail.com' WHERE 1;30000;119
2018.04.08_21:41:20;Egyedi: UPDATE Tanulok SET Email='updatelt@gmail.com' WHERE 1;30000;173
2018.04.08_21:41:21;Egyedi: UPDATE Tanulok SET Email='updatelt@gmail.com' WHERE 1;30000;158
2018.04.08_21:41:21;Egyedi: UPDATE Tanulok SET Email='updatelt@gmail.com' WHERE 1;30000;141
2018.04.08_21:41:21;Egyedi: UPDATE Tanulok SET Email='updatelt@gmail.com' WHERE 1;30000;152
2018.04.08_21:41:21;Egyedi: UPDATE Tanulok SET Email='updatelt@gmail.com' WHERE 1;30000;150
2018.04.08_21:41:21;Egyedi: UPDATE Tanulok SET Email='updatelt@gmail.com' WHERE 1;30000;128
2018.04.08_21:41:21;Egyedi: UPDATE Tanulok SET Email='updatelt@gmail.com' WHERE 1;30000;126
2018.04.08_21:41:21;Egyedi: UPDATE Tanulok SET Email='updatelt@gmail.com' WHERE 1;30000;138
2018.04.08_21:41:22;Egyedi: UPDATE Tanulok SET Email='updatelt@gmail.com' WHERE 1;30000;161
2018.04.08_21:41:37;DML_INSERT;10000;1477
2018.04.08_21:41:40;Egyedi: UPDATE Tanulok SET Email='updatelt@gmail.com' WHERE 1;40000;208
2018.04.08_21:41:40;Egyedi: UPDATE Tanulok SET Email='updatelt@gmail.com' WHERE 1;40000;180
2018.04.08_21:41:40;Egyedi: UPDATE Tanulok SET Email='updatelt@gmail.com' WHERE 1;40000;173
2018.04.08_21:41:40;Egyedi: UPDATE Tanulok SET Email='updatelt@gmail.com' WHERE 1;40000;173
2018.04.08_21:41:40;Egyedi: UPDATE Tanulok SET Email='updatelt@gmail.com' WHERE 1;40000;161
2018.04.08_21:41:41;Egyedi: UPDATE Tanulok SET Email='updatelt@gmail.com' WHERE 1;40000;165
2018.04.08_21:41:41;Egyedi: UPDATE Tanulok SET Email='updatelt@gmail.com' WHERE 1;40000;154
2018.04.08_21:41:41;Egyedi: UPDATE Tanulok SET Email='updatelt@gmail.com' WHERE 1;40000;224
2018.04.08_21:41:41;Egyedi: UPDATE Tanulok SET Email='updatelt@gmail.com' WHERE 1;40000;173
2018.04.08_21:41:41;Egyedi: UPDATE Tanulok SET Email='updatelt@gmail.com' WHERE 1;40000;181
2018.04.08_21:41:42;Egyedi: UPDATE Tanulok SET Email='updatelt@gmail.com' WHERE 1;40000;260
2018.04.08_21:41:42;Egyedi: UPDATE Tanulok SET Email='updatelt@gmail.com' WHERE 1;40000;195
2018.04.08_21:41:42;Egyedi: UPDATE Tanulok SET Email='updatelt@gmail.com' WHERE 1;40000;177
2018.04.08_21:41:42;Egyedi: UPDATE Tanulok SET Email='updatelt@gmail.com' WHERE 1;40000;164
2018.04.08_21:41:42;Egyedi: UPDATE Tanulok SET Email='updatelt@gmail.com' WHERE 1;40000;163
2018.04.08_21:41:42;Egyedi: UPDATE Tanulok SET Email='updatelt@gmail.com' WHERE 1;40000;171
2018.04.08_21:41:43;Egyedi: UPDATE Tanulok SET Email='updatelt@gmail.com' WHERE 1;40000;166
2018.04.08_21:41:43;Egyedi: UPDATE Tanulok SET Email='updatelt@gmail.com' WHERE 1;40000;202
2018.04.08_21:41:43;Egyedi: UPDATE Tanulok SET Email='updatelt@gmail.com' WHERE 1;40000;186
2018.04.08_21:41:43;Egyedi: UPDATE Tanulok SET Email='updatelt@gmail.com' WHERE 1;40000;179
2018.04.08_21:41:43;Egyedi: UPDATE Tanulok SET Email='updatelt@gmail.com' WHERE 1;40000;193
2018.04.08_21:41:44;Egyedi: UPDATE Tanulok SET Email='updatelt@gmail.com' WHERE 1;40000;184
2018.04.08_21:41:44;Egyedi: UPDATE Tanulok SET Email='updatelt@gmail.com' WHERE 1;40000;157
2018.04.08_21:41:44;Egyedi: UPDATE Tanulok SET Email='updatelt@gmail.com' WHERE 1;40000;154
2018.04.08_21:41:44;Egyedi: UPDATE Tanulok SET Email='updatelt@gmail.com' WHERE 1;40000;177
2018.04.08_21:41:44;Egyedi: UPDATE Tanulok SET Email='updatelt@gmail.com' WHERE 1;40000;175
2018.04.08_21:41:44;Egyedi: UPDATE Tanulok SET Email='updatelt@gmail.com' WHERE 1;40000;200
2018.04.08_21:41:45;Egyedi: UPDATE Tanulok SET Email='updatelt@gmail.com' WHERE 1;40000;253
2018.04.08_21:41:45;Egyedi: UPDATE Tanulok SET Email='updatelt@gmail.com' WHERE 1;40000;172
2018.04.08_21:41:45;Egyedi: UPDATE Tanulok SET Email='updatelt@gmail.com' WHERE 1;40000;154
2018.04.08_21:41:45;Egyedi: UPDATE Tanulok SET Email='updatelt@gmail.com' WHERE 1;40000;148
2018.04.08_21:41:45;Egyedi: UPDATE Tanulok SET Email='updatelt@gmail.com' WHERE 1;40000;168
2018.04.08_21:41:46;Egyedi: UPDATE Tanulok SET Email='updatelt@gmail.com' WHERE 1;40000;169
2018.04.08_21:41:46;Egyedi: UPDATE Tanulok SET Email='updatelt@gmail.com' WHERE 1;40000;160
2018.04.08_21:41:46;Egyedi: UPDATE Tanulok SET Email='updatelt@gmail.com' WHERE 1;40000;192
2018.04.08_21:41:46;Egyedi: UPDATE Tanulok SET Email='updatelt@gmail.com' WHERE 1;40000;203
2018.04.08_21:41:46;Egyedi: UPDATE Tanulok SET Email='updatelt@gmail.com' WHERE 1;40000;171
2018.04.08_21:41:46;Egyedi: UPDATE Tanulok SET Email='updatelt@gmail.com' WHERE 1;40000;160
2018.04.08_21:41:47;Egyedi: UPDATE Tanulok SET Email='updatelt@gmail.com' WHERE 1;40000;203
2018.04.08_21:41:47;Egyedi: UPDATE Tanulok SET Email='updatelt@gmail.com' WHERE 1;40000;204
2018.04.08_21:41:47;Egyedi: UPDATE Tanulok SET Email='updatelt@gmail.com' WHERE 1;40000;162
2018.04.08_21:41:47;Egyedi: UPDATE Tanulok SET Email='updatelt@gmail.com' WHERE 1;40000;177
2018.04.08_21:41:47;Egyedi: UPDATE Tanulok SET Email='updatelt@gmail.com' WHERE 1;40000;192
2018.04.08_21:41:48;Egyedi: UPDATE Tanulok SET Email='updatelt@gmail.com' WHERE 1;40000;179
2018.04.08_21:41:48;Egyedi: UPDATE Tanulok SET Email='updatelt@gmail.com' WHERE 1;40000;181
2018.04.08_21:41:48;Egyedi: UPDATE Tanulok SET Email='updatelt@gmail.com' WHERE 1;40000;199
2018.04.08_21:41:48;Egyedi: UPDATE Tanulok SET Email='updatelt@gmail.com' WHERE 1;40000;154
2018.04.08_21:41:48;Egyedi: UPDATE Tanulok SET Email='updatelt@gmail.com' WHERE 1;40000;149
2018.04.08_21:41:48;Egyedi: UPDATE Tanulok SET Email='updatelt@gmail.com' WHERE 1;40000;149
2018.04.08_21:41:49;Egyedi: UPDATE Tanulok SET Email='updatelt@gmail.com' WHERE 1;40000;220
2018.04.08_21:41:49;Egyedi: UPDATE Tanulok SET Email='updatelt@gmail.com' WHERE 1;40000;164
2018.04.08_21:41:49;Egyedi: UPDATE Tanulok SET Email='updatelt@gmail.com' WHERE 1;40000;180
2018.04.08_21:41:49;Egyedi: UPDATE Tanulok SET Email='updatelt@gmail.com' WHERE 1;40000;218
2018.04.08_21:41:49;Egyedi: UPDATE Tanulok SET Email='updatelt@gmail.com' WHERE 1;40000;168
2018.04.08_21:41:49;Egyedi: UPDATE Tanulok SET Email='updatelt@gmail.com' WHERE 1;40000;170
2018.04.08_21:41:50;Egyedi: UPDATE Tanulok SET Email='updatelt@gmail.com' WHERE 1;40000;172
2018.04.08_21:41:50;Egyedi: UPDATE Tanulok SET Email='updatelt@gmail.com' WHERE 1;40000;187
2018.04.08_21:41:50;Egyedi: UPDATE Tanulok SET Email='updatelt@gmail.com' WHERE 1;40000;151
2018.04.08_21:41:50;Egyedi: UPDATE Tanulok SET Email='updatelt@gmail.com' WHERE 1;40000;156
2018.04.08_21:41:50;Egyedi: UPDATE Tanulok SET Email='updatelt@gmail.com' WHERE 1;40000;218
2018.04.08_21:41:51;Egyedi: UPDATE Tanulok SET Email='updatelt@gmail.com' WHERE 1;40000;217
2018.04.08_21:41:51;Egyedi: UPDATE Tanulok SET Email='updatelt@gmail.com' WHERE 1;40000;166
2018.04.08_21:41:51;Egyedi: UPDATE Tanulok SET Email='updatelt@gmail.com' WHERE 1;40000;202
2018.04.08_21:41:51;Egyedi: UPDATE Tanulok SET Email='updatelt@gmail.com' WHERE 1;40000;175
2018.04.08_21:41:51;Egyedi: UPDATE Tanulok SET Email='updatelt@gmail.com' WHERE 1;40000;153
2018.04.08_21:41:51;Egyedi: UPDATE Tanulok SET Email='updatelt@gmail.com' WHERE 1;40000;171
2018.04.08_21:41:52;Egyedi: UPDATE Tanulok SET Email='updatelt@gmail.com' WHERE 1;40000;198
2018.04.08_21:41:52;Egyedi: UPDATE Tanulok SET Email='updatelt@gmail.com' WHERE 1;40000;226
2018.04.08_21:41:52;Egyedi: UPDATE Tanulok SET Email='updatelt@gmail.com' WHERE 1;40000;202
2018.04.08_21:41:52;Egyedi: UPDATE Tanulok SET Email='updatelt@gmail.com' WHERE 1;40000;249
2018.04.08_21:41:53;Egyedi: UPDATE Tanulok SET Email='updatelt@gmail.com' WHERE 1;40000;200
2018.04.08_21:41:53;Egyedi: UPDATE Tanulok SET Email='updatelt@gmail.com' WHERE 1;40000;152
2018.04.08_21:41:53;Egyedi: UPDATE Tanulok SET Email='updatelt@gmail.com' WHERE 1;40000;148
2018.04.08_21:41:53;Egyedi: UPDATE Tanulok SET Email='updatelt@gmail.com' WHERE 1;40000;192
2018.04.08_21:41:53;Egyedi: UPDATE Tanulok SET Email='updatelt@gmail.com' WHERE 1;40000;157
2018.04.08_21:41:53;Egyedi: UPDATE Tanulok SET Email='updatelt@gmail.com' WHERE 1;40000;168
2018.04.08_21:41:54;Egyedi: UPDATE Tanulok SET Email='updatelt@gmail.com' WHERE 1;40000;231
2018.04.08_21:41:54;Egyedi: UPDATE Tanulok SET Email='updatelt@gmail.com' WHERE 1;40000;187
2018.04.08_21:41:54;Egyedi: UPDATE Tanulok SET Email='updatelt@gmail.com' WHERE 1;40000;149
2018.04.08_21:41:54;Egyedi: UPDATE Tanulok SET Email='updatelt@gmail.com' WHERE 1;40000;154
2018.04.08_21:41:54;Egyedi: UPDATE Tanulok SET Email='updatelt@gmail.com' WHERE 1;40000;164
2018.04.08_21:41:54;Egyedi: UPDATE Tanulok SET Email='updatelt@gmail.com' WHERE 1;40000;182
2018.04.08_21:41:55;Egyedi: UPDATE Tanulok SET Email='updatelt@gmail.com' WHERE 1;40000;162
2018.04.08_21:41:55;Egyedi: UPDATE Tanulok SET Email='updatelt@gmail.com' WHERE 1;40000;153
2018.04.08_21:41:55;Egyedi: UPDATE Tanulok SET Email='updatelt@gmail.com' WHERE 1;40000;225
2018.04.08_21:41:55;Egyedi: UPDATE Tanulok SET Email='updatelt@gmail.com' WHERE 1;40000;182
2018.04.08_21:41:55;Egyedi: UPDATE Tanulok SET Email='updatelt@gmail.com' WHERE 1;40000;153
2018.04.08_21:41:56;Egyedi: UPDATE Tanulok SET Email='updatelt@gmail.com' WHERE 1;40000;201
2018.04.08_21:41:56;Egyedi: UPDATE Tanulok SET Email='updatelt@gmail.com' WHERE 1;40000;170
2018.04.08_21:41:56;Egyedi: UPDATE Tanulok SET Email='updatelt@gmail.com' WHERE 1;40000;151
2018.04.08_21:41:56;Egyedi: UPDATE Tanulok SET Email='updatelt@gmail.com' WHERE 1;40000;155
2018.04.08_21:41:56;Egyedi: UPDATE Tanulok SET Email='updatelt@gmail.com' WHERE 1;40000;167
2018.04.08_21:41:56;Egyedi: UPDATE Tanulok SET Email='updatelt@gmail.com' WHERE 1;40000;174
2018.04.08_21:41:57;Egyedi: UPDATE Tanulok SET Email='updatelt@gmail.com' WHERE 1;40000;211
2018.04.08_21:41:57;Egyedi: UPDATE Tanulok SET Email='updatelt@gmail.com' WHERE 1;40000;268
2018.04.08_21:41:57;Egyedi: UPDATE Tanulok SET Email='updatelt@gmail.com' WHERE 1;40000;166
2018.04.08_21:41:57;Egyedi: UPDATE Tanulok SET Email='updatelt@gmail.com' WHERE 1;40000;153
2018.04.08_21:41:57;Egyedi: UPDATE Tanulok SET Email='updatelt@gmail.com' WHERE 1;40000;168
2018.04.08_21:41:57;Egyedi: UPDATE Tanulok SET Email='updatelt@gmail.com' WHERE 1;40000;185
2018.04.08_21:41:58;Egyedi: UPDATE Tanulok SET Email='updatelt@gmail.com' WHERE 1;40000;173
2018.04.08_21:42:09;DML_INSERT;10000;1254
2018.04.08_21:42:10;Egyedi: UPDATE Tanulok SET Email='updatelt@gmail.com' WHERE 1;50000;283
2018.04.08_21:42:10;Egyedi: UPDATE Tanulok SET Email='updatelt@gmail.com' WHERE 1;50000;228
2018.04.08_21:42:10;Egyedi: UPDATE Tanulok SET Email='updatelt@gmail.com' WHERE 1;50000;202
2018.04.08_21:42:10;Egyedi: UPDATE Tanulok SET Email='updatelt@gmail.com' WHERE 1;50000;273
2018.04.08_21:42:11;Egyedi: UPDATE Tanulok SET Email='updatelt@gmail.com' WHERE 1;50000;243
2018.04.08_21:42:11;Egyedi: UPDATE Tanulok SET Email='updatelt@gmail.com' WHERE 1;50000;207
2018.04.08_21:42:11;Egyedi: UPDATE Tanulok SET Email='updatelt@gmail.com' WHERE 1;50000;262
2018.04.08_21:42:11;Egyedi: UPDATE Tanulok SET Email='updatelt@gmail.com' WHERE 1;50000;190
2018.04.08_21:42:11;Egyedi: UPDATE Tanulok SET Email='updatelt@gmail.com' WHERE 1;50000;205
2018.04.08_21:42:12;Egyedi: UPDATE Tanulok SET Email='updatelt@gmail.com' WHERE 1;50000;340
2018.04.08_21:42:12;Egyedi: UPDATE Tanulok SET Email='updatelt@gmail.com' WHERE 1;50000;242
2018.04.08_21:42:12;Egyedi: UPDATE Tanulok SET Email='updatelt@gmail.com' WHERE 1;50000;219
2018.04.08_21:42:13;Egyedi: UPDATE Tanulok SET Email='updatelt@gmail.com' WHERE 1;50000;257
2018.04.08_21:42:13;Egyedi: UPDATE Tanulok SET Email='updatelt@gmail.com' WHERE 1;50000;239
2018.04.08_21:42:13;Egyedi: UPDATE Tanulok SET Email='updatelt@gmail.com' WHERE 1;50000;230
2018.04.08_21:42:13;Egyedi: UPDATE Tanulok SET Email='updatelt@gmail.com' WHERE 1;50000;229
2018.04.08_21:42:13;Egyedi: UPDATE Tanulok SET Email='updatelt@gmail.com' WHERE 1;50000;280
2018.04.08_21:42:14;Egyedi: UPDATE Tanulok SET Email='updatelt@gmail.com' WHERE 1;50000;227
2018.04.08_21:42:14;Egyedi: UPDATE Tanulok SET Email='updatelt@gmail.com' WHERE 1;50000;195
2018.04.08_21:42:14;Egyedi: UPDATE Tanulok SET Email='updatelt@gmail.com' WHERE 1;50000;207
2018.04.08_21:42:14;Egyedi: UPDATE Tanulok SET Email='updatelt@gmail.com' WHERE 1;50000;217
2018.04.08_21:42:15;Egyedi: UPDATE Tanulok SET Email='updatelt@gmail.com' WHERE 1;50000;205
2018.04.08_21:42:15;Egyedi: UPDATE Tanulok SET Email='updatelt@gmail.com' WHERE 1;50000;241
2018.04.08_21:42:15;Egyedi: UPDATE Tanulok SET Email='updatelt@gmail.com' WHERE 1;50000;231
2018.04.08_21:42:15;Egyedi: UPDATE Tanulok SET Email='updatelt@gmail.com' WHERE 1;50000;195
2018.04.08_21:42:15;Egyedi: UPDATE Tanulok SET Email='updatelt@gmail.com' WHERE 1;50000;223
2018.04.08_21:42:16;Egyedi: UPDATE Tanulok SET Email='updatelt@gmail.com' WHERE 1;50000;226
2018.04.08_21:42:16;Egyedi: UPDATE Tanulok SET Email='updatelt@gmail.com' WHERE 1;50000;186
2018.04.08_21:42:16;Egyedi: UPDATE Tanulok SET Email='updatelt@gmail.com' WHERE 1;50000;199
2018.04.08_21:42:16;Egyedi: UPDATE Tanulok SET Email='updatelt@gmail.com' WHERE 1;50000;275
2018.04.08_21:42:17;Egyedi: UPDATE Tanulok SET Email='updatelt@gmail.com' WHERE 1;50000;251
2018.04.08_21:42:17;Egyedi: UPDATE Tanulok SET Email='updatelt@gmail.com' WHERE 1;50000;278
2018.04.08_21:42:17;Egyedi: UPDATE Tanulok SET Email='updatelt@gmail.com' WHERE 1;50000;192
2018.04.08_21:42:17;Egyedi: UPDATE Tanulok SET Email='updatelt@gmail.com' WHERE 1;50000;189
2018.04.08_21:42:17;Egyedi: UPDATE Tanulok SET Email='updatelt@gmail.com' WHERE 1;50000;224
2018.04.08_21:42:18;Egyedi: UPDATE Tanulok SET Email='updatelt@gmail.com' WHERE 1;50000;247
2018.04.08_21:42:18;Egyedi: UPDATE Tanulok SET Email='updatelt@gmail.com' WHERE 1;50000;232
2018.04.08_21:42:18;Egyedi: UPDATE Tanulok SET Email='updatelt@gmail.com' WHERE 1;50000;245
2018.04.08_21:42:18;Egyedi: UPDATE Tanulok SET Email='updatelt@gmail.com' WHERE 1;50000;203
2018.04.08_21:42:19;Egyedi: UPDATE Tanulok SET Email='updatelt@gmail.com' WHERE 1;50000;215
2018.04.08_21:42:19;Egyedi: UPDATE Tanulok SET Email='updatelt@gmail.com' WHERE 1;50000;213
2018.04.08_21:42:19;Egyedi: UPDATE Tanulok SET Email='updatelt@gmail.com' WHERE 1;50000;189
2018.04.08_21:42:19;Egyedi: UPDATE Tanulok SET Email='updatelt@gmail.com' WHERE 1;50000;253
2018.04.08_21:42:20;Egyedi: UPDATE Tanulok SET Email='updatelt@gmail.com' WHERE 1;50000;281
2018.04.08_21:42:20;Egyedi: UPDATE Tanulok SET Email='updatelt@gmail.com' WHERE 1;50000;209
2018.04.08_21:42:20;Egyedi: UPDATE Tanulok SET Email='updatelt@gmail.com' WHERE 1;50000;197
2018.04.08_21:42:20;Egyedi: UPDATE Tanulok SET Email='updatelt@gmail.com' WHERE 1;50000;216
2018.04.08_21:42:20;Egyedi: UPDATE Tanulok SET Email='updatelt@gmail.com' WHERE 1;50000;210
2018.04.08_21:42:21;Egyedi: UPDATE Tanulok SET Email='updatelt@gmail.com' WHERE 1;50000;232
2018.04.08_21:42:21;Egyedi: UPDATE Tanulok SET Email='updatelt@gmail.com' WHERE 1;50000;263
2018.04.08_21:42:21;Egyedi: UPDATE Tanulok SET Email='updatelt@gmail.com' WHERE 1;50000;328
2018.04.08_21:42:21;Egyedi: UPDATE Tanulok SET Email='updatelt@gmail.com' WHERE 1;50000;243
2018.04.08_21:42:22;Egyedi: UPDATE Tanulok SET Email='updatelt@gmail.com' WHERE 1;50000;271
2018.04.08_21:42:22;Egyedi: UPDATE Tanulok SET Email='updatelt@gmail.com' WHERE 1;50000;245
2018.04.08_21:42:22;Egyedi: UPDATE Tanulok SET Email='updatelt@gmail.com' WHERE 1;50000;205
2018.04.08_21:42:22;Egyedi: UPDATE Tanulok SET Email='updatelt@gmail.com' WHERE 1;50000;261
2018.04.08_21:42:23;Egyedi: UPDATE Tanulok SET Email='updatelt@gmail.com' WHERE 1;50000;296
2018.04.08_21:42:23;Egyedi: UPDATE Tanulok SET Email='updatelt@gmail.com' WHERE 1;50000;195
2018.04.08_21:42:23;Egyedi: UPDATE Tanulok SET Email='updatelt@gmail.com' WHERE 1;50000;207
2018.04.08_21:42:23;Egyedi: UPDATE Tanulok SET Email='updatelt@gmail.com' WHERE 1;50000;215
2018.04.08_21:42:24;Egyedi: UPDATE Tanulok SET Email='updatelt@gmail.com' WHERE 1;50000;197
2018.04.08_21:42:24;Egyedi: UPDATE Tanulok SET Email='updatelt@gmail.com' WHERE 1;50000;201
2018.04.08_21:42:24;Egyedi: UPDATE Tanulok SET Email='updatelt@gmail.com' WHERE 1;50000;224
2018.04.08_21:42:24;Egyedi: UPDATE Tanulok SET Email='updatelt@gmail.com' WHERE 1;50000;224
2018.04.08_21:42:24;Egyedi: UPDATE Tanulok SET Email='updatelt@gmail.com' WHERE 1;50000;235
2018.04.08_21:42:25;Egyedi: UPDATE Tanulok SET Email='updatelt@gmail.com' WHERE 1;50000;206
2018.04.08_21:42:25;Egyedi: UPDATE Tanulok SET Email='updatelt@gmail.com' WHERE 1;50000;191
2018.04.08_21:42:25;Egyedi: UPDATE Tanulok SET Email='updatelt@gmail.com' WHERE 1;50000;218
2018.04.08_21:42:25;Egyedi: UPDATE Tanulok SET Email='updatelt@gmail.com' WHERE 1;50000;201
2018.04.08_21:42:26;Egyedi: UPDATE Tanulok SET Email='updatelt@gmail.com' WHERE 1;50000;240
2018.04.08_21:42:26;Egyedi: UPDATE Tanulok SET Email='updatelt@gmail.com' WHERE 1;50000;260
2018.04.08_21:42:26;Egyedi: UPDATE Tanulok SET Email='updatelt@gmail.com' WHERE 1;50000;187
2018.04.08_21:42:26;Egyedi: UPDATE Tanulok SET Email='updatelt@gmail.com' WHERE 1;50000;196
2018.04.08_21:42:26;Egyedi: UPDATE Tanulok SET Email='updatelt@gmail.com' WHERE 1;50000;242
2018.04.08_21:42:27;Egyedi: UPDATE Tanulok SET Email='updatelt@gmail.com' WHERE 1;50000;234
2018.04.08_21:42:27;Egyedi: UPDATE Tanulok SET Email='updatelt@gmail.com' WHERE 1;50000;296
2018.04.08_21:42:27;Egyedi: UPDATE Tanulok SET Email='updatelt@gmail.com' WHERE 1;50000;242
2018.04.08_21:42:27;Egyedi: UPDATE Tanulok SET Email='updatelt@gmail.com' WHERE 1;50000;208
2018.04.08_21:42:28;Egyedi: UPDATE Tanulok SET Email='updatelt@gmail.com' WHERE 1;50000;212
2018.04.08_21:42:28;Egyedi: UPDATE Tanulok SET Email='updatelt@gmail.com' WHERE 1;50000;223
2018.04.08_21:42:28;Egyedi: UPDATE Tanulok SET Email='updatelt@gmail.com' WHERE 1;50000;190
2018.04.08_21:42:28;Egyedi: UPDATE Tanulok SET Email='updatelt@gmail.com' WHERE 1;50000;216
2018.04.08_21:42:28;Egyedi: UPDATE Tanulok SET Email='updatelt@gmail.com' WHERE 1;50000;234
2018.04.08_21:42:29;Egyedi: UPDATE Tanulok SET Email='updatelt@gmail.com' WHERE 1;50000;231
2018.04.08_21:42:29;Egyedi: UPDATE Tanulok SET Email='updatelt@gmail.com' WHERE 1;50000;214
2018.04.08_21:42:29;Egyedi: UPDATE Tanulok SET Email='updatelt@gmail.com' WHERE 1;50000;194
2018.04.08_21:42:29;Egyedi: UPDATE Tanulok SET Email='updatelt@gmail.com' WHERE 1;50000;201
2018.04.08_21:42:30;Egyedi: UPDATE Tanulok SET Email='updatelt@gmail.com' WHERE 1;50000;235
2018.04.08_21:42:30;Egyedi: UPDATE Tanulok SET Email='updatelt@gmail.com' WHERE 1;50000;199
2018.04.08_21:42:30;Egyedi: UPDATE Tanulok SET Email='updatelt@gmail.com' WHERE 1;50000;209
2018.04.08_21:42:30;Egyedi: UPDATE Tanulok SET Email='updatelt@gmail.com' WHERE 1;50000;253
2018.04.08_21:42:30;Egyedi: UPDATE Tanulok SET Email='updatelt@gmail.com' WHERE 1;50000;204
2018.04.08_21:42:31;Egyedi: UPDATE Tanulok SET Email='updatelt@gmail.com' WHERE 1;50000;202
2018.04.08_21:42:31;Egyedi: UPDATE Tanulok SET Email='updatelt@gmail.com' WHERE 1;50000;245
2018.04.08_21:42:31;Egyedi: UPDATE Tanulok SET Email='updatelt@gmail.com' WHERE 1;50000;216
2018.04.08_21:42:31;Egyedi: UPDATE Tanulok SET Email='updatelt@gmail.com' WHERE 1;50000;218
2018.04.08_21:42:32;Egyedi: UPDATE Tanulok SET Email='updatelt@gmail.com' WHERE 1;50000;309
2018.04.08_21:42:32;Egyedi: UPDATE Tanulok SET Email='updatelt@gmail.com' WHERE 1;50000;239
2018.04.08_21:42:32;Egyedi: UPDATE Tanulok SET Email='updatelt@gmail.com' WHERE 1;50000;215
2018.04.08_21:42:32;Egyedi: UPDATE Tanulok SET Email='updatelt@gmail.com' WHERE 1;50000;198
2018.04.08_21:42:36;DML_INSERT;10000;1314
2018.04.08_21:42:38;Egyedi: UPDATE Tanulok SET Email='updatelt@gmail.com' WHERE 1;60000;319
2018.04.08_21:42:38;Egyedi: UPDATE Tanulok SET Email='updatelt@gmail.com' WHERE 1;60000;347
2018.04.08_21:42:39;Egyedi: UPDATE Tanulok SET Email='updatelt@gmail.com' WHERE 1;60000;326
2018.04.08_21:42:39;Egyedi: UPDATE Tanulok SET Email='updatelt@gmail.com' WHERE 1;60000;234
2018.04.08_21:42:39;Egyedi: UPDATE Tanulok SET Email='updatelt@gmail.com' WHERE 1;60000;263
2018.04.08_21:42:40;Egyedi: UPDATE Tanulok SET Email='updatelt@gmail.com' WHERE 1;60000;262
2018.04.08_21:42:40;Egyedi: UPDATE Tanulok SET Email='updatelt@gmail.com' WHERE 1;60000;259
2018.04.08_21:42:40;Egyedi: UPDATE Tanulok SET Email='updatelt@gmail.com' WHERE 1;60000;291
2018.04.08_21:42:40;Egyedi: UPDATE Tanulok SET Email='updatelt@gmail.com' WHERE 1;60000;248
2018.04.08_21:42:41;Egyedi: UPDATE Tanulok SET Email='updatelt@gmail.com' WHERE 1;60000;297
2018.04.08_21:42:41;Egyedi: UPDATE Tanulok SET Email='updatelt@gmail.com' WHERE 1;60000;255
2018.04.08_21:42:41;Egyedi: UPDATE Tanulok SET Email='updatelt@gmail.com' WHERE 1;60000;261
2018.04.08_21:42:41;Egyedi: UPDATE Tanulok SET Email='updatelt@gmail.com' WHERE 1;60000;291
2018.04.08_21:42:42;Egyedi: UPDATE Tanulok SET Email='updatelt@gmail.com' WHERE 1;60000;331
2018.04.08_21:42:42;Egyedi: UPDATE Tanulok SET Email='updatelt@gmail.com' WHERE 1;60000;257
2018.04.08_21:42:42;Egyedi: UPDATE Tanulok SET Email='updatelt@gmail.com' WHERE 1;60000;233
2018.04.08_21:42:43;Egyedi: UPDATE Tanulok SET Email='updatelt@gmail.com' WHERE 1;60000;254
2018.04.08_21:42:43;Egyedi: UPDATE Tanulok SET Email='updatelt@gmail.com' WHERE 1;60000;277
2018.04.08_21:42:43;Egyedi: UPDATE Tanulok SET Email='updatelt@gmail.com' WHERE 1;60000;318
2018.04.08_21:42:43;Egyedi: UPDATE Tanulok SET Email='updatelt@gmail.com' WHERE 1;60000;286
2018.04.08_21:42:44;Egyedi: UPDATE Tanulok SET Email='updatelt@gmail.com' WHERE 1;60000;279
2018.04.08_21:42:44;Egyedi: UPDATE Tanulok SET Email='updatelt@gmail.com' WHERE 1;60000;250
2018.04.08_21:42:44;Egyedi: UPDATE Tanulok SET Email='updatelt@gmail.com' WHERE 1;60000;234
2018.04.08_21:42:44;Egyedi: UPDATE Tanulok SET Email='updatelt@gmail.com' WHERE 1;60000;325
2018.04.08_21:42:45;Egyedi: UPDATE Tanulok SET Email='updatelt@gmail.com' WHERE 1;60000;244
2018.04.08_21:42:45;Egyedi: UPDATE Tanulok SET Email='updatelt@gmail.com' WHERE 1;60000;232
2018.04.08_21:42:45;Egyedi: UPDATE Tanulok SET Email='updatelt@gmail.com' WHERE 1;60000;249
2018.04.08_21:42:45;Egyedi: UPDATE Tanulok SET Email='updatelt@gmail.com' WHERE 1;60000;238
2018.04.08_21:42:46;Egyedi: UPDATE Tanulok SET Email='updatelt@gmail.com' WHERE 1;60000;280
2018.04.08_21:42:46;Egyedi: UPDATE Tanulok SET Email='updatelt@gmail.com' WHERE 1;60000;244
2018.04.08_21:42:46;Egyedi: UPDATE Tanulok SET Email='updatelt@gmail.com' WHERE 1;60000;257
2018.04.08_21:42:46;Egyedi: UPDATE Tanulok SET Email='updatelt@gmail.com' WHERE 1;60000;247
2018.04.08_21:42:47;Egyedi: UPDATE Tanulok SET Email='updatelt@gmail.com' WHERE 1;60000;276
2018.04.08_21:42:47;Egyedi: UPDATE Tanulok SET Email='updatelt@gmail.com' WHERE 1;60000;252
2018.04.08_21:42:47;Egyedi: UPDATE Tanulok SET Email='updatelt@gmail.com' WHERE 1;60000;250
2018.04.08_21:42:48;Egyedi: UPDATE Tanulok SET Email='updatelt@gmail.com' WHERE 1;60000;366
2018.04.08_21:42:48;Egyedi: UPDATE Tanulok SET Email='updatelt@gmail.com' WHERE 1;60000;231
2018.04.08_21:42:48;Egyedi: UPDATE Tanulok SET Email='updatelt@gmail.com' WHERE 1;60000;236
2018.04.08_21:42:48;Egyedi: UPDATE Tanulok SET Email='updatelt@gmail.com' WHERE 1;60000;278
2018.04.08_21:42:49;Egyedi: UPDATE Tanulok SET Email='updatelt@gmail.com' WHERE 1;60000;263
2018.04.08_21:42:49;Egyedi: UPDATE Tanulok SET Email='updatelt@gmail.com' WHERE 1;60000;362
2018.04.08_21:42:49;Egyedi: UPDATE Tanulok SET Email='updatelt@gmail.com' WHERE 1;60000;265
2018.04.08_21:42:50;Egyedi: UPDATE Tanulok SET Email='updatelt@gmail.com' WHERE 1;60000;274
2018.04.08_21:42:50;Egyedi: UPDATE Tanulok SET Email='updatelt@gmail.com' WHERE 1;60000;245
2018.04.08_21:42:50;Egyedi: UPDATE Tanulok SET Email='updatelt@gmail.com' WHERE 1;60000;226
2018.04.08_21:42:50;Egyedi: UPDATE Tanulok SET Email='updatelt@gmail.com' WHERE 1;60000;313
2018.04.08_21:42:51;Egyedi: UPDATE Tanulok SET Email='updatelt@gmail.com' WHERE 1;60000;292
2018.04.08_21:42:51;Egyedi: UPDATE Tanulok SET Email='updatelt@gmail.com' WHERE 1;60000;306
2018.04.08_21:42:51;Egyedi: UPDATE Tanulok SET Email='updatelt@gmail.com' WHERE 1;60000;254
2018.04.08_21:42:51;Egyedi: UPDATE Tanulok SET Email='updatelt@gmail.com' WHERE 1;60000;282
2018.04.08_21:42:52;Egyedi: UPDATE Tanulok SET Email='updatelt@gmail.com' WHERE 1;60000;312
2018.04.08_21:42:52;Egyedi: UPDATE Tanulok SET Email='updatelt@gmail.com' WHERE 1;60000;300
2018.04.08_21:42:52;Egyedi: UPDATE Tanulok SET Email='updatelt@gmail.com' WHERE 1;60000;240
2018.04.08_21:42:53;Egyedi: UPDATE Tanulok SET Email='updatelt@gmail.com' WHERE 1;60000;250
2018.04.08_21:42:53;Egyedi: UPDATE Tanulok SET Email='updatelt@gmail.com' WHERE 1;60000;271
2018.04.08_21:42:53;Egyedi: UPDATE Tanulok SET Email='updatelt@gmail.com' WHERE 1;60000;234
2018.04.08_21:42:54;Egyedi: UPDATE Tanulok SET Email='updatelt@gmail.com' WHERE 1;60000;404
2018.04.08_21:42:54;Egyedi: UPDATE Tanulok SET Email='updatelt@gmail.com' WHERE 1;60000;285
2018.04.08_21:42:54;Egyedi: UPDATE Tanulok SET Email='updatelt@gmail.com' WHERE 1;60000;251
2018.04.08_21:42:54;Egyedi: UPDATE Tanulok SET Email='updatelt@gmail.com' WHERE 1;60000;239
2018.04.08_21:42:55;Egyedi: UPDATE Tanulok SET Email='updatelt@gmail.com' WHERE 1;60000;264
2018.04.08_21:42:55;Egyedi: UPDATE Tanulok SET Email='updatelt@gmail.com' WHERE 1;60000;268
2018.04.08_21:42:55;Egyedi: UPDATE Tanulok SET Email='updatelt@gmail.com' WHERE 1;60000;248
2018.04.08_21:42:55;Egyedi: UPDATE Tanulok SET Email='updatelt@gmail.com' WHERE 1;60000;301
2018.04.08_21:42:56;Egyedi: UPDATE Tanulok SET Email='updatelt@gmail.com' WHERE 1;60000;232
2018.04.08_21:42:56;Egyedi: UPDATE Tanulok SET Email='updatelt@gmail.com' WHERE 1;60000;253
2018.04.08_21:42:56;Egyedi: UPDATE Tanulok SET Email='updatelt@gmail.com' WHERE 1;60000;249
2018.04.08_21:42:56;Egyedi: UPDATE Tanulok SET Email='updatelt@gmail.com' WHERE 1;60000;235
2018.04.08_21:42:57;Egyedi: UPDATE Tanulok SET Email='updatelt@gmail.com' WHERE 1;60000;408
2018.04.08_21:42:57;Egyedi: UPDATE Tanulok SET Email='updatelt@gmail.com' WHERE 1;60000;236
2018.04.08_21:42:57;Egyedi: UPDATE Tanulok SET Email='updatelt@gmail.com' WHERE 1;60000;256
2018.04.08_21:42:57;Egyedi: UPDATE Tanulok SET Email='updatelt@gmail.com' WHERE 1;60000;244
2018.04.08_21:42:58;Egyedi: UPDATE Tanulok SET Email='updatelt@gmail.com' WHERE 1;60000;256
2018.04.08_21:42:58;Egyedi: UPDATE Tanulok SET Email='updatelt@gmail.com' WHERE 1;60000;322
2018.04.08_21:42:58;Egyedi: UPDATE Tanulok SET Email='updatelt@gmail.com' WHERE 1;60000;423
2018.04.08_21:42:59;Egyedi: UPDATE Tanulok SET Email='updatelt@gmail.com' WHERE 1;60000;328
2018.04.08_21:42:59;Egyedi: UPDATE Tanulok SET Email='updatelt@gmail.com' WHERE 1;60000;236
2018.04.08_21:42:59;Egyedi: UPDATE Tanulok SET Email='updatelt@gmail.com' WHERE 1;60000;235
2018.04.08_21:43:00;Egyedi: UPDATE Tanulok SET Email='updatelt@gmail.com' WHERE 1;60000;295
2018.04.08_21:43:00;Egyedi: UPDATE Tanulok SET Email='updatelt@gmail.com' WHERE 1;60000;322
2018.04.08_21:43:00;Egyedi: UPDATE Tanulok SET Email='updatelt@gmail.com' WHERE 1;60000;235
2018.04.08_21:43:00;Egyedi: UPDATE Tanulok SET Email='updatelt@gmail.com' WHERE 1;60000;288
2018.04.08_21:43:01;Egyedi: UPDATE Tanulok SET Email='updatelt@gmail.com' WHERE 1;60000;264
2018.04.08_21:43:01;Egyedi: UPDATE Tanulok SET Email='updatelt@gmail.com' WHERE 1;60000;349
2018.04.08_21:43:01;Egyedi: UPDATE Tanulok SET Email='updatelt@gmail.com' WHERE 1;60000;292
2018.04.08_21:43:02;Egyedi: UPDATE Tanulok SET Email='updatelt@gmail.com' WHERE 1;60000;240
2018.04.08_21:43:02;Egyedi: UPDATE Tanulok SET Email='updatelt@gmail.com' WHERE 1;60000;301
2018.04.08_21:43:02;Egyedi: UPDATE Tanulok SET Email='updatelt@gmail.com' WHERE 1;60000;234
2018.04.08_21:43:02;Egyedi: UPDATE Tanulok SET Email='updatelt@gmail.com' WHERE 1;60000;279
2018.04.08_21:43:03;Egyedi: UPDATE Tanulok SET Email='updatelt@gmail.com' WHERE 1;60000;276
2018.04.08_21:43:03;Egyedi: UPDATE Tanulok SET Email='updatelt@gmail.com' WHERE 1;60000;286
2018.04.08_21:43:03;Egyedi: UPDATE Tanulok SET Email='updatelt@gmail.com' WHERE 1;60000;224
2018.04.08_21:43:03;Egyedi: UPDATE Tanulok SET Email='updatelt@gmail.com' WHERE 1;60000;296
2018.04.08_21:43:04;Egyedi: UPDATE Tanulok SET Email='updatelt@gmail.com' WHERE 1;60000;303
2018.04.08_21:43:04;Egyedi: UPDATE Tanulok SET Email='updatelt@gmail.com' WHERE 1;60000;257
2018.04.08_21:43:04;Egyedi: UPDATE Tanulok SET Email='updatelt@gmail.com' WHERE 1;60000;289
2018.04.08_21:43:05;Egyedi: UPDATE Tanulok SET Email='updatelt@gmail.com' WHERE 1;60000;239
2018.04.08_21:43:05;Egyedi: UPDATE Tanulok SET Email='updatelt@gmail.com' WHERE 1;60000;273
2018.04.08_21:43:05;Egyedi: UPDATE Tanulok SET Email='updatelt@gmail.com' WHERE 1;60000;233
2018.04.08_21:43:05;Egyedi: UPDATE Tanulok SET Email='updatelt@gmail.com' WHERE 1;60000;226
2018.04.08_21:43:14;DML_INSERT;10000;1319
2018.04.08_21:43:15;Egyedi: UPDATE Tanulok SET Email='updatelt@gmail.com' WHERE 1;70000;313
2018.04.08_21:43:16;Egyedi: UPDATE Tanulok SET Email='updatelt@gmail.com' WHERE 1;70000;334
2018.04.08_21:43:16;Egyedi: UPDATE Tanulok SET Email='updatelt@gmail.com' WHERE 1;70000;296
2018.04.08_21:43:16;Egyedi: UPDATE Tanulok SET Email='updatelt@gmail.com' WHERE 1;70000;268
2018.04.08_21:43:17;Egyedi: UPDATE Tanulok SET Email='updatelt@gmail.com' WHERE 1;70000;377
2018.04.08_21:43:17;Egyedi: UPDATE Tanulok SET Email='updatelt@gmail.com' WHERE 1;70000;295
2018.04.08_21:43:17;Egyedi: UPDATE Tanulok SET Email='updatelt@gmail.com' WHERE 1;70000;358
2018.04.08_21:43:18;Egyedi: UPDATE Tanulok SET Email='updatelt@gmail.com' WHERE 1;70000;288
2018.04.08_21:43:18;Egyedi: UPDATE Tanulok SET Email='updatelt@gmail.com' WHERE 1;70000;308
2018.04.08_21:43:18;Egyedi: UPDATE Tanulok SET Email='updatelt@gmail.com' WHERE 1;70000;278
2018.04.08_21:43:19;Egyedi: UPDATE Tanulok SET Email='updatelt@gmail.com' WHERE 1;70000;428
2018.04.08_21:43:19;Egyedi: UPDATE Tanulok SET Email='updatelt@gmail.com' WHERE 1;70000;326
2018.04.08_21:43:19;Egyedi: UPDATE Tanulok SET Email='updatelt@gmail.com' WHERE 1;70000;307
2018.04.08_21:43:20;Egyedi: UPDATE Tanulok SET Email='updatelt@gmail.com' WHERE 1;70000;302
2018.04.08_21:43:20;Egyedi: UPDATE Tanulok SET Email='updatelt@gmail.com' WHERE 1;70000;305
2018.04.08_21:43:20;Egyedi: UPDATE Tanulok SET Email='updatelt@gmail.com' WHERE 1;70000;292
2018.04.08_21:43:21;Egyedi: UPDATE Tanulok SET Email='updatelt@gmail.com' WHERE 1;70000;330
2018.04.08_21:43:21;Egyedi: UPDATE Tanulok SET Email='updatelt@gmail.com' WHERE 1;70000;340
2018.04.08_21:43:21;Egyedi: UPDATE Tanulok SET Email='updatelt@gmail.com' WHERE 1;70000;325
2018.04.08_21:43:22;Egyedi: UPDATE Tanulok SET Email='updatelt@gmail.com' WHERE 1;70000;325
2018.04.08_21:43:22;Egyedi: UPDATE Tanulok SET Email='updatelt@gmail.com' WHERE 1;70000;441
2018.04.08_21:43:22;Egyedi: UPDATE Tanulok SET Email='updatelt@gmail.com' WHERE 1;70000;316
2018.04.08_21:43:23;Egyedi: UPDATE Tanulok SET Email='updatelt@gmail.com' WHERE 1;70000;320
2018.04.08_21:43:23;Egyedi: UPDATE Tanulok SET Email='updatelt@gmail.com' WHERE 1;70000;283
2018.04.08_21:43:23;Egyedi: UPDATE Tanulok SET Email='updatelt@gmail.com' WHERE 1;70000;333
2018.04.08_21:43:24;Egyedi: UPDATE Tanulok SET Email='updatelt@gmail.com' WHERE 1;70000;313
2018.04.08_21:43:24;Egyedi: UPDATE Tanulok SET Email='updatelt@gmail.com' WHERE 1;70000;300
2018.04.08_21:43:24;Egyedi: UPDATE Tanulok SET Email='updatelt@gmail.com' WHERE 1;70000;265
2018.04.08_21:43:24;Egyedi: UPDATE Tanulok SET Email='updatelt@gmail.com' WHERE 1;70000;319
2018.04.08_21:43:25;Egyedi: UPDATE Tanulok SET Email='updatelt@gmail.com' WHERE 1;70000;309
2018.04.08_21:43:25;Egyedi: UPDATE Tanulok SET Email='updatelt@gmail.com' WHERE 1;70000;440
2018.04.08_21:43:25;Egyedi: UPDATE Tanulok SET Email='updatelt@gmail.com' WHERE 1;70000;312
2018.04.08_21:43:26;Egyedi: UPDATE Tanulok SET Email='updatelt@gmail.com' WHERE 1;70000;355
2018.04.08_21:43:26;Egyedi: UPDATE Tanulok SET Email='updatelt@gmail.com' WHERE 1;70000;293
2018.04.08_21:43:27;Egyedi: UPDATE Tanulok SET Email='updatelt@gmail.com' WHERE 1;70000;384
2018.04.08_21:43:27;Egyedi: UPDATE Tanulok SET Email='updatelt@gmail.com' WHERE 1;70000;357
2018.04.08_21:43:27;Egyedi: UPDATE Tanulok SET Email='updatelt@gmail.com' WHERE 1;70000;314
2018.04.08_21:43:28;Egyedi: UPDATE Tanulok SET Email='updatelt@gmail.com' WHERE 1;70000;313
2018.04.08_21:43:28;Egyedi: UPDATE Tanulok SET Email='updatelt@gmail.com' WHERE 1;70000;327
2018.04.08_21:43:28;Egyedi: UPDATE Tanulok SET Email='updatelt@gmail.com' WHERE 1;70000;337
2018.04.08_21:43:28;Egyedi: UPDATE Tanulok SET Email='updatelt@gmail.com' WHERE 1;70000;279
2018.04.08_21:43:29;Egyedi: UPDATE Tanulok SET Email='updatelt@gmail.com' WHERE 1;70000;305
2018.04.08_21:43:29;Egyedi: UPDATE Tanulok SET Email='updatelt@gmail.com' WHERE 1;70000;285
2018.04.08_21:43:29;Egyedi: UPDATE Tanulok SET Email='updatelt@gmail.com' WHERE 1;70000;393
2018.04.08_21:43:30;Egyedi: UPDATE Tanulok SET Email='updatelt@gmail.com' WHERE 1;70000;386
2018.04.08_21:43:30;Egyedi: UPDATE Tanulok SET Email='updatelt@gmail.com' WHERE 1;70000;283
2018.04.08_21:43:30;Egyedi: UPDATE Tanulok SET Email='updatelt@gmail.com' WHERE 1;70000;290
2018.04.08_21:43:31;Egyedi: UPDATE Tanulok SET Email='updatelt@gmail.com' WHERE 1;70000;302
2018.04.08_21:43:31;Egyedi: UPDATE Tanulok SET Email='updatelt@gmail.com' WHERE 1;70000;431
2018.04.08_21:43:31;Egyedi: UPDATE Tanulok SET Email='updatelt@gmail.com' WHERE 1;70000;308
2018.04.08_21:43:32;Egyedi: UPDATE Tanulok SET Email='updatelt@gmail.com' WHERE 1;70000;312
2018.04.08_21:43:32;Egyedi: UPDATE Tanulok SET Email='updatelt@gmail.com' WHERE 1;70000;300
2018.04.08_21:43:32;Egyedi: UPDATE Tanulok SET Email='updatelt@gmail.com' WHERE 1;70000;294
2018.04.08_21:43:33;Egyedi: UPDATE Tanulok SET Email='updatelt@gmail.com' WHERE 1;70000;361
2018.04.08_21:43:33;Egyedi: UPDATE Tanulok SET Email='updatelt@gmail.com' WHERE 1;70000;267
2018.04.08_21:43:33;Egyedi: UPDATE Tanulok SET Email='updatelt@gmail.com' WHERE 1;70000;296
2018.04.08_21:43:34;Egyedi: UPDATE Tanulok SET Email='updatelt@gmail.com' WHERE 1;70000;295
2018.04.08_21:43:34;Egyedi: UPDATE Tanulok SET Email='updatelt@gmail.com' WHERE 1;70000;366
2018.04.08_21:43:34;Egyedi: UPDATE Tanulok SET Email='updatelt@gmail.com' WHERE 1;70000;319
2018.04.08_21:43:35;Egyedi: UPDATE Tanulok SET Email='updatelt@gmail.com' WHERE 1;70000;301
2018.04.08_21:43:35;Egyedi: UPDATE Tanulok SET Email='updatelt@gmail.com' WHERE 1;70000;286
2018.04.08_21:43:35;Egyedi: UPDATE Tanulok SET Email='updatelt@gmail.com' WHERE 1;70000;289
2018.04.08_21:43:35;Egyedi: UPDATE Tanulok SET Email='updatelt@gmail.com' WHERE 1;70000;340
2018.04.08_21:43:36;Egyedi: UPDATE Tanulok SET Email='updatelt@gmail.com' WHERE 1;70000;331
2018.04.08_21:43:36;Egyedi: UPDATE Tanulok SET Email='updatelt@gmail.com' WHERE 1;70000;276
2018.04.08_21:43:36;Egyedi: UPDATE Tanulok SET Email='updatelt@gmail.com' WHERE 1;70000;302
2018.04.08_21:43:37;Egyedi: UPDATE Tanulok SET Email='updatelt@gmail.com' WHERE 1;70000;339
2018.04.08_21:43:37;Egyedi: UPDATE Tanulok SET Email='updatelt@gmail.com' WHERE 1;70000;401
2018.04.08_21:43:37;Egyedi: UPDATE Tanulok SET Email='updatelt@gmail.com' WHERE 1;70000;296
2018.04.08_21:43:38;Egyedi: UPDATE Tanulok SET Email='updatelt@gmail.com' WHERE 1;70000;348
2018.04.08_21:43:38;Egyedi: UPDATE Tanulok SET Email='updatelt@gmail.com' WHERE 1;70000;393
2018.04.08_21:43:39;Egyedi: UPDATE Tanulok SET Email='updatelt@gmail.com' WHERE 1;70000;500
2018.04.08_21:43:39;Egyedi: UPDATE Tanulok SET Email='updatelt@gmail.com' WHERE 1;70000;439
2018.04.08_21:43:39;Egyedi: UPDATE Tanulok SET Email='updatelt@gmail.com' WHERE 1;70000;347
2018.04.08_21:43:40;Egyedi: UPDATE Tanulok SET Email='updatelt@gmail.com' WHERE 1;70000;295
2018.04.08_21:43:40;Egyedi: UPDATE Tanulok SET Email='updatelt@gmail.com' WHERE 1;70000;319
2018.04.08_21:43:40;Egyedi: UPDATE Tanulok SET Email='updatelt@gmail.com' WHERE 1;70000;340
2018.04.08_21:43:41;Egyedi: UPDATE Tanulok SET Email='updatelt@gmail.com' WHERE 1;70000;274
2018.04.08_21:43:41;Egyedi: UPDATE Tanulok SET Email='updatelt@gmail.com' WHERE 1;70000;332
2018.04.08_21:43:41;Egyedi: UPDATE Tanulok SET Email='updatelt@gmail.com' WHERE 1;70000;313
2018.04.08_21:43:42;Egyedi: UPDATE Tanulok SET Email='updatelt@gmail.com' WHERE 1;70000;409
2018.04.08_21:43:42;Egyedi: UPDATE Tanulok SET Email='updatelt@gmail.com' WHERE 1;70000;311
2018.04.08_21:43:42;Egyedi: UPDATE Tanulok SET Email='updatelt@gmail.com' WHERE 1;70000;363
2018.04.08_21:43:43;Egyedi: UPDATE Tanulok SET Email='updatelt@gmail.com' WHERE 1;70000;292
2018.04.08_21:43:43;Egyedi: UPDATE Tanulok SET Email='updatelt@gmail.com' WHERE 1;70000;381
2018.04.08_21:43:43;Egyedi: UPDATE Tanulok SET Email='updatelt@gmail.com' WHERE 1;70000;341
2018.04.08_21:43:44;Egyedi: UPDATE Tanulok SET Email='updatelt@gmail.com' WHERE 1;70000;301
2018.04.08_21:43:44;Egyedi: UPDATE Tanulok SET Email='updatelt@gmail.com' WHERE 1;70000;280
2018.04.08_21:43:44;Egyedi: UPDATE Tanulok SET Email='updatelt@gmail.com' WHERE 1;70000;270
2018.04.08_21:43:45;Egyedi: UPDATE Tanulok SET Email='updatelt@gmail.com' WHERE 1;70000;359
2018.04.08_21:43:45;Egyedi: UPDATE Tanulok SET Email='updatelt@gmail.com' WHERE 1;70000;332
2018.04.08_21:43:45;Egyedi: UPDATE Tanulok SET Email='updatelt@gmail.com' WHERE 1;70000;282
2018.04.08_21:43:46;Egyedi: UPDATE Tanulok SET Email='updatelt@gmail.com' WHERE 1;70000;291
2018.04.08_21:43:46;Egyedi: UPDATE Tanulok SET Email='updatelt@gmail.com' WHERE 1;70000;282
2018.04.08_21:43:46;Egyedi: UPDATE Tanulok SET Email='updatelt@gmail.com' WHERE 1;70000;304
2018.04.08_21:43:47;Egyedi: UPDATE Tanulok SET Email='updatelt@gmail.com' WHERE 1;70000;358
2018.04.08_21:43:47;Egyedi: UPDATE Tanulok SET Email='updatelt@gmail.com' WHERE 1;70000;292
2018.04.08_21:43:47;Egyedi: UPDATE Tanulok SET Email='updatelt@gmail.com' WHERE 1;70000;311
2018.04.08_21:43:47;Egyedi: UPDATE Tanulok SET Email='updatelt@gmail.com' WHERE 1;70000;281
2018.04.08_21:43:48;Egyedi: UPDATE Tanulok SET Email='updatelt@gmail.com' WHERE 1;70000;360
2018.04.08_21:43:52;DML_INSERT;10000;1308
2018.04.08_21:43:54;Egyedi: UPDATE Tanulok SET Email='updatelt@gmail.com' WHERE 1;80000;437
2018.04.08_21:43:54;Egyedi: UPDATE Tanulok SET Email='updatelt@gmail.com' WHERE 1;80000;373
2018.04.08_21:43:54;Egyedi: UPDATE Tanulok SET Email='updatelt@gmail.com' WHERE 1;80000;403
2018.04.08_21:43:55;Egyedi: UPDATE Tanulok SET Email='updatelt@gmail.com' WHERE 1;80000;308
2018.04.08_21:43:55;Egyedi: UPDATE Tanulok SET Email='updatelt@gmail.com' WHERE 1;80000;385
2018.04.08_21:43:56;Egyedi: UPDATE Tanulok SET Email='updatelt@gmail.com' WHERE 1;80000;419
2018.04.08_21:43:56;Egyedi: UPDATE Tanulok SET Email='updatelt@gmail.com' WHERE 1;80000;324
2018.04.08_21:43:56;Egyedi: UPDATE Tanulok SET Email='updatelt@gmail.com' WHERE 1;80000;335
2018.04.08_21:43:57;Egyedi: UPDATE Tanulok SET Email='updatelt@gmail.com' WHERE 1;80000;322
2018.04.08_21:43:57;Egyedi: UPDATE Tanulok SET Email='updatelt@gmail.com' WHERE 1;80000;439
2018.04.08_21:43:57;Egyedi: UPDATE Tanulok SET Email='updatelt@gmail.com' WHERE 1;80000;383
2018.04.08_21:43:58;Egyedi: UPDATE Tanulok SET Email='updatelt@gmail.com' WHERE 1;80000;355
2018.04.08_21:43:58;Egyedi: UPDATE Tanulok SET Email='updatelt@gmail.com' WHERE 1;80000;350
2018.04.08_21:43:58;Egyedi: UPDATE Tanulok SET Email='updatelt@gmail.com' WHERE 1;80000;387
2018.04.08_21:43:59;Egyedi: UPDATE Tanulok SET Email='updatelt@gmail.com' WHERE 1;80000;427
2018.04.08_21:43:59;Egyedi: UPDATE Tanulok SET Email='updatelt@gmail.com' WHERE 1;80000;304
2018.04.08_21:44:00;Egyedi: UPDATE Tanulok SET Email='updatelt@gmail.com' WHERE 1;80000;350
2018.04.08_21:44:00;Egyedi: UPDATE Tanulok SET Email='updatelt@gmail.com' WHERE 1;80000;367
2018.04.08_21:44:00;Egyedi: UPDATE Tanulok SET Email='updatelt@gmail.com' WHERE 1;80000;437
2018.04.08_21:44:01;Egyedi: UPDATE Tanulok SET Email='updatelt@gmail.com' WHERE 1;80000;351
2018.04.08_21:44:01;Egyedi: UPDATE Tanulok SET Email='updatelt@gmail.com' WHERE 1;80000;371
2018.04.08_21:44:01;Egyedi: UPDATE Tanulok SET Email='updatelt@gmail.com' WHERE 1;80000;342
2018.04.08_21:44:02;Egyedi: UPDATE Tanulok SET Email='updatelt@gmail.com' WHERE 1;80000;372
2018.04.08_21:44:02;Egyedi: UPDATE Tanulok SET Email='updatelt@gmail.com' WHERE 1;80000;367
2018.04.08_21:44:02;Egyedi: UPDATE Tanulok SET Email='updatelt@gmail.com' WHERE 1;80000;344
2018.04.08_21:44:03;Egyedi: UPDATE Tanulok SET Email='updatelt@gmail.com' WHERE 1;80000;358
2018.04.08_21:44:03;Egyedi: UPDATE Tanulok SET Email='updatelt@gmail.com' WHERE 1;80000;409
2018.04.08_21:44:04;Egyedi: UPDATE Tanulok SET Email='updatelt@gmail.com' WHERE 1;80000;352
2018.04.08_21:44:04;Egyedi: UPDATE Tanulok SET Email='updatelt@gmail.com' WHERE 1;80000;370
2018.04.08_21:44:04;Egyedi: UPDATE Tanulok SET Email='updatelt@gmail.com' WHERE 1;80000;335
2018.04.08_21:44:05;Egyedi: UPDATE Tanulok SET Email='updatelt@gmail.com' WHERE 1;80000;421
2018.04.08_21:44:05;Egyedi: UPDATE Tanulok SET Email='updatelt@gmail.com' WHERE 1;80000;366
2018.04.08_21:44:05;Egyedi: UPDATE Tanulok SET Email='updatelt@gmail.com' WHERE 1;80000;359
2018.04.08_21:44:06;Egyedi: UPDATE Tanulok SET Email='updatelt@gmail.com' WHERE 1;80000;331
2018.04.08_21:44:06;Egyedi: UPDATE Tanulok SET Email='updatelt@gmail.com' WHERE 1;80000;418
2018.04.08_21:44:07;Egyedi: UPDATE Tanulok SET Email='updatelt@gmail.com' WHERE 1;80000;367
2018.04.08_21:44:07;Egyedi: UPDATE Tanulok SET Email='updatelt@gmail.com' WHERE 1;80000;350
2018.04.08_21:44:07;Egyedi: UPDATE Tanulok SET Email='updatelt@gmail.com' WHERE 1;80000;329
2018.04.08_21:44:08;Egyedi: UPDATE Tanulok SET Email='updatelt@gmail.com' WHERE 1;80000;410
2018.04.08_21:44:08;Egyedi: UPDATE Tanulok SET Email='updatelt@gmail.com' WHERE 1;80000;346
2018.04.08_21:44:08;Egyedi: UPDATE Tanulok SET Email='updatelt@gmail.com' WHERE 1;80000;371
2018.04.08_21:44:09;Egyedi: UPDATE Tanulok SET Email='updatelt@gmail.com' WHERE 1;80000;311
2018.04.08_21:44:09;Egyedi: UPDATE Tanulok SET Email='updatelt@gmail.com' WHERE 1;80000;430
2018.04.08_21:44:09;Egyedi: UPDATE Tanulok SET Email='updatelt@gmail.com' WHERE 1;80000;352
2018.04.08_21:44:10;Egyedi: UPDATE Tanulok SET Email='updatelt@gmail.com' WHERE 1;80000;352
2018.04.08_21:44:10;Egyedi: UPDATE Tanulok SET Email='updatelt@gmail.com' WHERE 1;80000;319
2018.04.08_21:44:11;Egyedi: UPDATE Tanulok SET Email='updatelt@gmail.com' WHERE 1;80000;402
2018.04.08_21:44:11;Egyedi: UPDATE Tanulok SET Email='updatelt@gmail.com' WHERE 1;80000;426
2018.04.08_21:44:11;Egyedi: UPDATE Tanulok SET Email='updatelt@gmail.com' WHERE 1;80000;320
2018.04.08_21:44:12;Egyedi: UPDATE Tanulok SET Email='updatelt@gmail.com' WHERE 1;80000;427
2018.04.08_21:44:12;Egyedi: UPDATE Tanulok SET Email='updatelt@gmail.com' WHERE 1;80000;399
2018.04.08_21:44:13;Egyedi: UPDATE Tanulok SET Email='updatelt@gmail.com' WHERE 1;80000;379
2018.04.08_21:44:13;Egyedi: UPDATE Tanulok SET Email='updatelt@gmail.com' WHERE 1;80000;367
2018.04.08_21:44:13;Egyedi: UPDATE Tanulok SET Email='updatelt@gmail.com' WHERE 1;80000;356
2018.04.08_21:44:14;Egyedi: UPDATE Tanulok SET Email='updatelt@gmail.com' WHERE 1;80000;444
2018.04.08_21:44:14;Egyedi: UPDATE Tanulok SET Email='updatelt@gmail.com' WHERE 1;80000;362
2018.04.08_21:44:14;Egyedi: UPDATE Tanulok SET Email='updatelt@gmail.com' WHERE 1;80000;366
2018.04.08_21:44:15;Egyedi: UPDATE Tanulok SET Email='updatelt@gmail.com' WHERE 1;80000;334
2018.04.08_21:44:15;Egyedi: UPDATE Tanulok SET Email='updatelt@gmail.com' WHERE 1;80000;394
2018.04.08_21:44:16;Egyedi: UPDATE Tanulok SET Email='updatelt@gmail.com' WHERE 1;80000;391
2018.04.08_21:44:16;Egyedi: UPDATE Tanulok SET Email='updatelt@gmail.com' WHERE 1;80000;310
2018.04.08_21:44:16;Egyedi: UPDATE Tanulok SET Email='updatelt@gmail.com' WHERE 1;80000;327
2018.04.08_21:44:17;Egyedi: UPDATE Tanulok SET Email='updatelt@gmail.com' WHERE 1;80000;426
2018.04.08_21:44:17;Egyedi: UPDATE Tanulok SET Email='updatelt@gmail.com' WHERE 1;80000;478
2018.04.08_21:44:17;Egyedi: UPDATE Tanulok SET Email='updatelt@gmail.com' WHERE 1;80000;350
2018.04.08_21:44:18;Egyedi: UPDATE Tanulok SET Email='updatelt@gmail.com' WHERE 1;80000;303
2018.04.08_21:44:18;Egyedi: UPDATE Tanulok SET Email='updatelt@gmail.com' WHERE 1;80000;394
2018.04.08_21:44:18;Egyedi: UPDATE Tanulok SET Email='updatelt@gmail.com' WHERE 1;80000;368
2018.04.08_21:44:19;Egyedi: UPDATE Tanulok SET Email='updatelt@gmail.com' WHERE 1;80000;324
2018.04.08_21:44:19;Egyedi: UPDATE Tanulok SET Email='updatelt@gmail.com' WHERE 1;80000;335
2018.04.08_21:44:20;Egyedi: UPDATE Tanulok SET Email='updatelt@gmail.com' WHERE 1;80000;364
2018.04.08_21:44:20;Egyedi: UPDATE Tanulok SET Email='updatelt@gmail.com' WHERE 1;80000;395
2018.04.08_21:44:20;Egyedi: UPDATE Tanulok SET Email='updatelt@gmail.com' WHERE 1;80000;303
2018.04.08_21:44:21;Egyedi: UPDATE Tanulok SET Email='updatelt@gmail.com' WHERE 1;80000;386
2018.04.08_21:44:21;Egyedi: UPDATE Tanulok SET Email='updatelt@gmail.com' WHERE 1;80000;406
2018.04.08_21:44:21;Egyedi: UPDATE Tanulok SET Email='updatelt@gmail.com' WHERE 1;80000;487
2018.04.08_21:44:22;Egyedi: UPDATE Tanulok SET Email='updatelt@gmail.com' WHERE 1;80000;384
2018.04.08_21:44:22;Egyedi: UPDATE Tanulok SET Email='updatelt@gmail.com' WHERE 1;80000;311
2018.04.08_21:44:23;Egyedi: UPDATE Tanulok SET Email='updatelt@gmail.com' WHERE 1;80000;360
2018.04.08_21:44:23;Egyedi: UPDATE Tanulok SET Email='updatelt@gmail.com' WHERE 1;80000;345
2018.04.08_21:44:23;Egyedi: UPDATE Tanulok SET Email='updatelt@gmail.com' WHERE 1;80000;351
2018.04.08_21:44:24;Egyedi: UPDATE Tanulok SET Email='updatelt@gmail.com' WHERE 1;80000;360
2018.04.08_21:44:24;Egyedi: UPDATE Tanulok SET Email='updatelt@gmail.com' WHERE 1;80000;437
2018.04.08_21:44:24;Egyedi: UPDATE Tanulok SET Email='updatelt@gmail.com' WHERE 1;80000;420
2018.04.08_21:44:25;Egyedi: UPDATE Tanulok SET Email='updatelt@gmail.com' WHERE 1;80000;305
2018.04.08_21:44:25;Egyedi: UPDATE Tanulok SET Email='updatelt@gmail.com' WHERE 1;80000;350
2018.04.08_21:44:26;Egyedi: UPDATE Tanulok SET Email='updatelt@gmail.com' WHERE 1;80000;390
2018.04.08_21:44:26;Egyedi: UPDATE Tanulok SET Email='updatelt@gmail.com' WHERE 1;80000;416
2018.04.08_21:44:26;Egyedi: UPDATE Tanulok SET Email='updatelt@gmail.com' WHERE 1;80000;333
2018.04.08_21:44:27;Egyedi: UPDATE Tanulok SET Email='updatelt@gmail.com' WHERE 1;80000;330
2018.04.08_21:44:27;Egyedi: UPDATE Tanulok SET Email='updatelt@gmail.com' WHERE 1;80000;410
2018.04.08_21:44:27;Egyedi: UPDATE Tanulok SET Email='updatelt@gmail.com' WHERE 1;80000;379
2018.04.08_21:44:28;Egyedi: UPDATE Tanulok SET Email='updatelt@gmail.com' WHERE 1;80000;342
2018.04.08_21:44:28;Egyedi: UPDATE Tanulok SET Email='updatelt@gmail.com' WHERE 1;80000;356
2018.04.08_21:44:28;Egyedi: UPDATE Tanulok SET Email='updatelt@gmail.com' WHERE 1;80000;356
2018.04.08_21:44:29;Egyedi: UPDATE Tanulok SET Email='updatelt@gmail.com' WHERE 1;80000;434
2018.04.08_21:44:29;Egyedi: UPDATE Tanulok SET Email='updatelt@gmail.com' WHERE 1;80000;334
2018.04.08_21:44:30;Egyedi: UPDATE Tanulok SET Email='updatelt@gmail.com' WHERE 1;80000;356
2018.04.08_21:44:30;Egyedi: UPDATE Tanulok SET Email='updatelt@gmail.com' WHERE 1;80000;344
2018.04.08_21:44:30;Egyedi: UPDATE Tanulok SET Email='updatelt@gmail.com' WHERE 1;80000;368
2018.04.08_21:44:34;DML_INSERT;10000;1301
2018.04.08_21:44:35;Egyedi: UPDATE Tanulok SET Email='updatelt@gmail.com' WHERE 1;90000;417
2018.04.08_21:44:36;Egyedi: UPDATE Tanulok SET Email='updatelt@gmail.com' WHERE 1;90000;462
2018.04.08_21:44:36;Egyedi: UPDATE Tanulok SET Email='updatelt@gmail.com' WHERE 1;90000;402
2018.04.08_21:44:36;Egyedi: UPDATE Tanulok SET Email='updatelt@gmail.com' WHERE 1;90000;383
2018.04.08_21:44:37;Egyedi: UPDATE Tanulok SET Email='updatelt@gmail.com' WHERE 1;90000;448
2018.04.08_21:44:37;Egyedi: UPDATE Tanulok SET Email='updatelt@gmail.com' WHERE 1;90000;429
2018.04.08_21:44:38;Egyedi: UPDATE Tanulok SET Email='updatelt@gmail.com' WHERE 1;90000;385
2018.04.08_21:44:38;Egyedi: UPDATE Tanulok SET Email='updatelt@gmail.com' WHERE 1;90000;406
2018.04.08_21:44:39;Egyedi: UPDATE Tanulok SET Email='updatelt@gmail.com' WHERE 1;90000;447
2018.04.08_21:44:39;Egyedi: UPDATE Tanulok SET Email='updatelt@gmail.com' WHERE 1;90000;417
2018.04.08_21:44:39;Egyedi: UPDATE Tanulok SET Email='updatelt@gmail.com' WHERE 1;90000;515
2018.04.08_21:44:40;Egyedi: UPDATE Tanulok SET Email='updatelt@gmail.com' WHERE 1;90000;544
2018.04.08_21:44:40;Egyedi: UPDATE Tanulok SET Email='updatelt@gmail.com' WHERE 1;90000;481
2018.04.08_21:44:41;Egyedi: UPDATE Tanulok SET Email='updatelt@gmail.com' WHERE 1;90000;380
2018.04.08_21:44:41;Egyedi: UPDATE Tanulok SET Email='updatelt@gmail.com' WHERE 1;90000;501
2018.04.08_21:44:42;Egyedi: UPDATE Tanulok SET Email='updatelt@gmail.com' WHERE 1;90000;526
2018.04.08_21:44:42;Egyedi: UPDATE Tanulok SET Email='updatelt@gmail.com' WHERE 1;90000;375
2018.04.08_21:44:43;Egyedi: UPDATE Tanulok SET Email='updatelt@gmail.com' WHERE 1;90000;404
2018.04.08_21:44:43;Egyedi: UPDATE Tanulok SET Email='updatelt@gmail.com' WHERE 1;90000;449
2018.04.08_21:44:44;Egyedi: UPDATE Tanulok SET Email='updatelt@gmail.com' WHERE 1;90000;424
2018.04.08_21:44:44;Egyedi: UPDATE Tanulok SET Email='updatelt@gmail.com' WHERE 1;90000;498
2018.04.08_21:44:45;Egyedi: UPDATE Tanulok SET Email='updatelt@gmail.com' WHERE 1;90000;519
2018.04.08_21:44:45;Egyedi: UPDATE Tanulok SET Email='updatelt@gmail.com' WHERE 1;90000;577
2018.04.08_21:44:46;Egyedi: UPDATE Tanulok SET Email='updatelt@gmail.com' WHERE 1;90000;422
2018.04.08_21:44:46;Egyedi: UPDATE Tanulok SET Email='updatelt@gmail.com' WHERE 1;90000;434
2018.04.08_21:44:46;Egyedi: UPDATE Tanulok SET Email='updatelt@gmail.com' WHERE 1;90000;479
2018.04.08_21:44:47;Egyedi: UPDATE Tanulok SET Email='updatelt@gmail.com' WHERE 1;90000;446
2018.04.08_21:44:47;Egyedi: UPDATE Tanulok SET Email='updatelt@gmail.com' WHERE 1;90000;407
2018.04.08_21:44:48;Egyedi: UPDATE Tanulok SET Email='updatelt@gmail.com' WHERE 1;90000;388
2018.04.08_21:44:48;Egyedi: UPDATE Tanulok SET Email='updatelt@gmail.com' WHERE 1;90000;453
2018.04.08_21:44:49;Egyedi: UPDATE Tanulok SET Email='updatelt@gmail.com' WHERE 1;90000;413
2018.04.08_21:44:49;Egyedi: UPDATE Tanulok SET Email='updatelt@gmail.com' WHERE 1;90000;351
2018.04.08_21:44:49;Egyedi: UPDATE Tanulok SET Email='updatelt@gmail.com' WHERE 1;90000;499
2018.04.08_21:44:50;Egyedi: UPDATE Tanulok SET Email='updatelt@gmail.com' WHERE 1;90000;376
2018.04.08_21:44:50;Egyedi: UPDATE Tanulok SET Email='updatelt@gmail.com' WHERE 1;90000;360
2018.04.08_21:44:51;Egyedi: UPDATE Tanulok SET Email='updatelt@gmail.com' WHERE 1;90000;419
2018.04.08_21:44:51;Egyedi: UPDATE Tanulok SET Email='updatelt@gmail.com' WHERE 1;90000;494
2018.04.08_21:44:51;Egyedi: UPDATE Tanulok SET Email='updatelt@gmail.com' WHERE 1;90000;410
2018.04.08_21:44:52;Egyedi: UPDATE Tanulok SET Email='updatelt@gmail.com' WHERE 1;90000;430
2018.04.08_21:44:52;Egyedi: UPDATE Tanulok SET Email='updatelt@gmail.com' WHERE 1;90000;465
2018.04.08_21:44:53;Egyedi: UPDATE Tanulok SET Email='updatelt@gmail.com' WHERE 1;90000;374
2018.04.08_21:44:53;Egyedi: UPDATE Tanulok SET Email='updatelt@gmail.com' WHERE 1;90000;408
2018.04.08_21:44:54;Egyedi: UPDATE Tanulok SET Email='updatelt@gmail.com' WHERE 1;90000;434
2018.04.08_21:44:54;Egyedi: UPDATE Tanulok SET Email='updatelt@gmail.com' WHERE 1;90000;481
2018.04.08_21:44:55;Egyedi: UPDATE Tanulok SET Email='updatelt@gmail.com' WHERE 1;90000;401
2018.04.08_21:44:55;Egyedi: UPDATE Tanulok SET Email='updatelt@gmail.com' WHERE 1;90000;353
2018.04.08_21:44:55;Egyedi: UPDATE Tanulok SET Email='updatelt@gmail.com' WHERE 1;90000;457
2018.04.08_21:44:56;Egyedi: UPDATE Tanulok SET Email='updatelt@gmail.com' WHERE 1;90000;421
2018.04.08_21:44:56;Egyedi: UPDATE Tanulok SET Email='updatelt@gmail.com' WHERE 1;90000;368
2018.04.08_21:44:57;Egyedi: UPDATE Tanulok SET Email='updatelt@gmail.com' WHERE 1;90000;417
2018.04.08_21:44:57;Egyedi: UPDATE Tanulok SET Email='updatelt@gmail.com' WHERE 1;90000;521
2018.04.08_21:44:57;Egyedi: UPDATE Tanulok SET Email='updatelt@gmail.com' WHERE 1;90000;389
2018.04.08_21:44:58;Egyedi: UPDATE Tanulok SET Email='updatelt@gmail.com' WHERE 1;90000;375
2018.04.08_21:44:58;Egyedi: UPDATE Tanulok SET Email='updatelt@gmail.com' WHERE 1;90000;420
2018.04.08_21:44:59;Egyedi: UPDATE Tanulok SET Email='updatelt@gmail.com' WHERE 1;90000;413
2018.04.08_21:44:59;Egyedi: UPDATE Tanulok SET Email='updatelt@gmail.com' WHERE 1;90000;423
2018.04.08_21:45:00;Egyedi: UPDATE Tanulok SET Email='updatelt@gmail.com' WHERE 1;90000;466
2018.04.08_21:45:00;Egyedi: UPDATE Tanulok SET Email='updatelt@gmail.com' WHERE 1;90000;467
2018.04.08_21:45:00;Egyedi: UPDATE Tanulok SET Email='updatelt@gmail.com' WHERE 1;90000;397
2018.04.08_21:45:01;Egyedi: UPDATE Tanulok SET Email='updatelt@gmail.com' WHERE 1;90000;405
2018.04.08_21:45:01;Egyedi: UPDATE Tanulok SET Email='updatelt@gmail.com' WHERE 1;90000;415
2018.04.08_21:45:02;Egyedi: UPDATE Tanulok SET Email='updatelt@gmail.com' WHERE 1;90000;535
2018.04.08_21:45:02;Egyedi: UPDATE Tanulok SET Email='updatelt@gmail.com' WHERE 1;90000;382
2018.04.08_21:45:03;Egyedi: UPDATE Tanulok SET Email='updatelt@gmail.com' WHERE 1;90000;382
2018.04.08_21:45:03;Egyedi: UPDATE Tanulok SET Email='updatelt@gmail.com' WHERE 1;90000;500
2018.04.08_21:45:03;Egyedi: UPDATE Tanulok SET Email='updatelt@gmail.com' WHERE 1;90000;431
2018.04.08_21:45:04;Egyedi: UPDATE Tanulok SET Email='updatelt@gmail.com' WHERE 1;90000;370
2018.04.08_21:45:04;Egyedi: UPDATE Tanulok SET Email='updatelt@gmail.com' WHERE 1;90000;415
2018.04.08_21:45:05;Egyedi: UPDATE Tanulok SET Email='updatelt@gmail.com' WHERE 1;90000;486
2018.04.08_21:45:05;Egyedi: UPDATE Tanulok SET Email='updatelt@gmail.com' WHERE 1;90000;354
2018.04.08_21:45:06;Egyedi: UPDATE Tanulok SET Email='updatelt@gmail.com' WHERE 1;90000;428
2018.04.08_21:45:06;Egyedi: UPDATE Tanulok SET Email='updatelt@gmail.com' WHERE 1;90000;398
2018.04.08_21:45:06;Egyedi: UPDATE Tanulok SET Email='updatelt@gmail.com' WHERE 1;90000;437
2018.04.08_21:45:07;Egyedi: UPDATE Tanulok SET Email='updatelt@gmail.com' WHERE 1;90000;486
2018.04.08_21:45:07;Egyedi: UPDATE Tanulok SET Email='updatelt@gmail.com' WHERE 1;90000;394
2018.04.08_21:45:08;Egyedi: UPDATE Tanulok SET Email='updatelt@gmail.com' WHERE 1;90000;398
2018.04.08_21:45:08;Egyedi: UPDATE Tanulok SET Email='updatelt@gmail.com' WHERE 1;90000;423
2018.04.08_21:45:09;Egyedi: UPDATE Tanulok SET Email='updatelt@gmail.com' WHERE 1;90000;488
2018.04.08_21:45:09;Egyedi: UPDATE Tanulok SET Email='updatelt@gmail.com' WHERE 1;90000;376
2018.04.08_21:45:09;Egyedi: UPDATE Tanulok SET Email='updatelt@gmail.com' WHERE 1;90000;494
2018.04.08_21:45:10;Egyedi: UPDATE Tanulok SET Email='updatelt@gmail.com' WHERE 1;90000;376
2018.04.08_21:45:10;Egyedi: UPDATE Tanulok SET Email='updatelt@gmail.com' WHERE 1;90000;365
2018.04.08_21:45:11;Egyedi: UPDATE Tanulok SET Email='updatelt@gmail.com' WHERE 1;90000;466
2018.04.08_21:45:11;Egyedi: UPDATE Tanulok SET Email='updatelt@gmail.com' WHERE 1;90000;472
2018.04.08_21:45:11;Egyedi: UPDATE Tanulok SET Email='updatelt@gmail.com' WHERE 1;90000;367
2018.04.08_21:45:12;Egyedi: UPDATE Tanulok SET Email='updatelt@gmail.com' WHERE 1;90000;589
2018.04.08_21:45:13;Egyedi: UPDATE Tanulok SET Email='updatelt@gmail.com' WHERE 1;90000;448
2018.04.08_21:45:13;Egyedi: UPDATE Tanulok SET Email='updatelt@gmail.com' WHERE 1;90000;362
2018.04.08_21:45:13;Egyedi: UPDATE Tanulok SET Email='updatelt@gmail.com' WHERE 1;90000;412
2018.04.08_21:45:14;Egyedi: UPDATE Tanulok SET Email='updatelt@gmail.com' WHERE 1;90000;442
2018.04.08_21:45:14;Egyedi: UPDATE Tanulok SET Email='updatelt@gmail.com' WHERE 1;90000;400
2018.04.08_21:45:15;Egyedi: UPDATE Tanulok SET Email='updatelt@gmail.com' WHERE 1;90000;400
2018.04.08_21:45:15;Egyedi: UPDATE Tanulok SET Email='updatelt@gmail.com' WHERE 1;90000;524
2018.04.08_21:45:16;Egyedi: UPDATE Tanulok SET Email='updatelt@gmail.com' WHERE 1;90000;544
2018.04.08_21:45:16;Egyedi: UPDATE Tanulok SET Email='updatelt@gmail.com' WHERE 1;90000;349
2018.04.08_21:45:16;Egyedi: UPDATE Tanulok SET Email='updatelt@gmail.com' WHERE 1;90000;422
2018.04.08_21:45:17;Egyedi: UPDATE Tanulok SET Email='updatelt@gmail.com' WHERE 1;90000;508
2018.04.08_21:45:17;Egyedi: UPDATE Tanulok SET Email='updatelt@gmail.com' WHERE 1;90000;467
2018.04.08_21:45:18;Egyedi: UPDATE Tanulok SET Email='updatelt@gmail.com' WHERE 1;90000;395
2018.04.08_21:45:18;Egyedi: UPDATE Tanulok SET Email='updatelt@gmail.com' WHERE 1;90000;385
2018.04.08_21:45:24;DML_INSERT;10000;1308
2018.04.08_21:45:28;Egyedi: UPDATE Tanulok SET Email='updatelt@gmail.com' WHERE 1;100000;438
2018.04.08_21:45:28;Egyedi: UPDATE Tanulok SET Email='updatelt@gmail.com' WHERE 1;100000;466
2018.04.08_21:45:29;Egyedi: UPDATE Tanulok SET Email='updatelt@gmail.com' WHERE 1;100000;411
2018.04.08_21:45:29;Egyedi: UPDATE Tanulok SET Email='updatelt@gmail.com' WHERE 1;100000;443
2018.04.08_21:45:30;Egyedi: UPDATE Tanulok SET Email='updatelt@gmail.com' WHERE 1;100000;540
2018.04.08_21:45:30;Egyedi: UPDATE Tanulok SET Email='updatelt@gmail.com' WHERE 1;100000;414
2018.04.08_21:45:30;Egyedi: UPDATE Tanulok SET Email='updatelt@gmail.com' WHERE 1;100000;412
2018.04.08_21:45:31;Egyedi: UPDATE Tanulok SET Email='updatelt@gmail.com' WHERE 1;100000;521
2018.04.08_21:45:32;Egyedi: UPDATE Tanulok SET Email='updatelt@gmail.com' WHERE 1;100000;527
2018.04.08_21:45:32;Egyedi: UPDATE Tanulok SET Email='updatelt@gmail.com' WHERE 1;100000;452
2018.04.08_21:45:32;Egyedi: UPDATE Tanulok SET Email='updatelt@gmail.com' WHERE 1;100000;490
2018.04.08_21:45:33;Egyedi: UPDATE Tanulok SET Email='updatelt@gmail.com' WHERE 1;100000;452
2018.04.08_21:45:33;Egyedi: UPDATE Tanulok SET Email='updatelt@gmail.com' WHERE 1;100000;447
2018.04.08_21:45:34;Egyedi: UPDATE Tanulok SET Email='updatelt@gmail.com' WHERE 1;100000;411
2018.04.08_21:45:34;Egyedi: UPDATE Tanulok SET Email='updatelt@gmail.com' WHERE 1;100000;506
2018.04.08_21:45:35;Egyedi: UPDATE Tanulok SET Email='updatelt@gmail.com' WHERE 1;100000;427
2018.04.08_21:45:35;Egyedi: UPDATE Tanulok SET Email='updatelt@gmail.com' WHERE 1;100000;385
2018.04.08_21:45:36;Egyedi: UPDATE Tanulok SET Email='updatelt@gmail.com' WHERE 1;100000;539
2018.04.08_21:45:36;Egyedi: UPDATE Tanulok SET Email='updatelt@gmail.com' WHERE 1;100000;411
2018.04.08_21:45:37;Egyedi: UPDATE Tanulok SET Email='updatelt@gmail.com' WHERE 1;100000;430
2018.04.08_21:45:37;Egyedi: UPDATE Tanulok SET Email='updatelt@gmail.com' WHERE 1;100000;459
2018.04.08_21:45:37;Egyedi: UPDATE Tanulok SET Email='updatelt@gmail.com' WHERE 1;100000;531
2018.04.08_21:45:38;Egyedi: UPDATE Tanulok SET Email='updatelt@gmail.com' WHERE 1;100000;400
2018.04.08_21:45:38;Egyedi: UPDATE Tanulok SET Email='updatelt@gmail.com' WHERE 1;100000;409
2018.04.08_21:45:39;Egyedi: UPDATE Tanulok SET Email='updatelt@gmail.com' WHERE 1;100000;617
2018.04.08_21:45:40;Egyedi: UPDATE Tanulok SET Email='updatelt@gmail.com' WHERE 1;100000;728
2018.04.08_21:45:40;Egyedi: UPDATE Tanulok SET Email='updatelt@gmail.com' WHERE 1;100000;531
2018.04.08_21:45:41;Egyedi: UPDATE Tanulok SET Email='updatelt@gmail.com' WHERE 1;100000;465
2018.04.08_21:45:41;Egyedi: UPDATE Tanulok SET Email='updatelt@gmail.com' WHERE 1;100000;474
2018.04.08_21:45:42;Egyedi: UPDATE Tanulok SET Email='updatelt@gmail.com' WHERE 1;100000;527
2018.04.08_21:45:42;Egyedi: UPDATE Tanulok SET Email='updatelt@gmail.com' WHERE 1;100000;515
2018.04.08_21:45:43;Egyedi: UPDATE Tanulok SET Email='updatelt@gmail.com' WHERE 1;100000;426
2018.04.08_21:45:43;Egyedi: UPDATE Tanulok SET Email='updatelt@gmail.com' WHERE 1;100000;446
2018.04.08_21:45:44;Egyedi: UPDATE Tanulok SET Email='updatelt@gmail.com' WHERE 1;100000;508
2018.04.08_21:45:44;Egyedi: UPDATE Tanulok SET Email='updatelt@gmail.com' WHERE 1;100000;428
2018.04.08_21:45:44;Egyedi: UPDATE Tanulok SET Email='updatelt@gmail.com' WHERE 1;100000;480
2018.04.08_21:45:45;Egyedi: UPDATE Tanulok SET Email='updatelt@gmail.com' WHERE 1;100000;506
2018.04.08_21:45:45;Egyedi: UPDATE Tanulok SET Email='updatelt@gmail.com' WHERE 1;100000;459
2018.04.08_21:45:46;Egyedi: UPDATE Tanulok SET Email='updatelt@gmail.com' WHERE 1;100000;384
2018.04.08_21:45:46;Egyedi: UPDATE Tanulok SET Email='updatelt@gmail.com' WHERE 1;100000;478
2018.04.08_21:45:47;Egyedi: UPDATE Tanulok SET Email='updatelt@gmail.com' WHERE 1;100000;486
2018.04.08_21:45:47;Egyedi: UPDATE Tanulok SET Email='updatelt@gmail.com' WHERE 1;100000;467
2018.04.08_21:45:48;Egyedi: UPDATE Tanulok SET Email='updatelt@gmail.com' WHERE 1;100000;550
2018.04.08_21:45:48;Egyedi: UPDATE Tanulok SET Email='updatelt@gmail.com' WHERE 1;100000;430
2018.04.08_21:45:49;Egyedi: UPDATE Tanulok SET Email='updatelt@gmail.com' WHERE 1;100000;433
2018.04.08_21:45:49;Egyedi: UPDATE Tanulok SET Email='updatelt@gmail.com' WHERE 1;100000;504
2018.04.08_21:45:50;Egyedi: UPDATE Tanulok SET Email='updatelt@gmail.com' WHERE 1;100000;469
2018.04.08_21:45:50;Egyedi: UPDATE Tanulok SET Email='updatelt@gmail.com' WHERE 1;100000;384
2018.04.08_21:45:50;Egyedi: UPDATE Tanulok SET Email='updatelt@gmail.com' WHERE 1;100000;424
2018.04.08_21:45:51;Egyedi: UPDATE Tanulok SET Email='updatelt@gmail.com' WHERE 1;100000;529
2018.04.08_21:45:51;Egyedi: UPDATE Tanulok SET Email='updatelt@gmail.com' WHERE 1;100000;460
2018.04.08_21:45:52;Egyedi: UPDATE Tanulok SET Email='updatelt@gmail.com' WHERE 1;100000;436
2018.04.08_21:45:52;Egyedi: UPDATE Tanulok SET Email='updatelt@gmail.com' WHERE 1;100000;535
2018.04.08_21:45:53;Egyedi: UPDATE Tanulok SET Email='updatelt@gmail.com' WHERE 1;100000;434
2018.04.08_21:45:53;Egyedi: UPDATE Tanulok SET Email='updatelt@gmail.com' WHERE 1;100000;409
2018.04.08_21:45:54;Egyedi: UPDATE Tanulok SET Email='updatelt@gmail.com' WHERE 1;100000;496
2018.04.08_21:45:54;Egyedi: UPDATE Tanulok SET Email='updatelt@gmail.com' WHERE 1;100000;447
2018.04.08_21:45:55;Egyedi: UPDATE Tanulok SET Email='updatelt@gmail.com' WHERE 1;100000;441
2018.04.08_21:45:55;Egyedi: UPDATE Tanulok SET Email='updatelt@gmail.com' WHERE 1;100000;448
2018.04.08_21:45:56;Egyedi: UPDATE Tanulok SET Email='updatelt@gmail.com' WHERE 1;100000;491
2018.04.08_21:45:56;Egyedi: UPDATE Tanulok SET Email='updatelt@gmail.com' WHERE 1;100000;409
2018.04.08_21:45:56;Egyedi: UPDATE Tanulok SET Email='updatelt@gmail.com' WHERE 1;100000;451
2018.04.08_21:45:57;Egyedi: UPDATE Tanulok SET Email='updatelt@gmail.com' WHERE 1;100000;626
2018.04.08_21:45:58;Egyedi: UPDATE Tanulok SET Email='updatelt@gmail.com' WHERE 1;100000;444
2018.04.08_21:45:58;Egyedi: UPDATE Tanulok SET Email='updatelt@gmail.com' WHERE 1;100000;414
2018.04.08_21:45:58;Egyedi: UPDATE Tanulok SET Email='updatelt@gmail.com' WHERE 1;100000;485
2018.04.08_21:45:59;Egyedi: UPDATE Tanulok SET Email='updatelt@gmail.com' WHERE 1;100000;414
2018.04.08_21:45:59;Egyedi: UPDATE Tanulok SET Email='updatelt@gmail.com' WHERE 1;100000;406
2018.04.08_21:46:00;Egyedi: UPDATE Tanulok SET Email='updatelt@gmail.com' WHERE 1;100000;471
2018.04.08_21:46:00;Egyedi: UPDATE Tanulok SET Email='updatelt@gmail.com' WHERE 1;100000;477
2018.04.08_21:46:01;Egyedi: UPDATE Tanulok SET Email='updatelt@gmail.com' WHERE 1;100000;449
2018.04.08_21:46:01;Egyedi: UPDATE Tanulok SET Email='updatelt@gmail.com' WHERE 1;100000;474
2018.04.08_21:46:02;Egyedi: UPDATE Tanulok SET Email='updatelt@gmail.com' WHERE 1;100000;568
2018.04.08_21:46:02;Egyedi: UPDATE Tanulok SET Email='updatelt@gmail.com' WHERE 1;100000;454
2018.04.08_21:46:03;Egyedi: UPDATE Tanulok SET Email='updatelt@gmail.com' WHERE 1;100000;443
2018.04.08_21:46:03;Egyedi: UPDATE Tanulok SET Email='updatelt@gmail.com' WHERE 1;100000;490
2018.04.08_21:46:04;Egyedi: UPDATE Tanulok SET Email='updatelt@gmail.com' WHERE 1;100000;445
2018.04.08_21:46:04;Egyedi: UPDATE Tanulok SET Email='updatelt@gmail.com' WHERE 1;100000;413
2018.04.08_21:46:04;Egyedi: UPDATE Tanulok SET Email='updatelt@gmail.com' WHERE 1;100000;518
2018.04.08_21:46:05;Egyedi: UPDATE Tanulok SET Email='updatelt@gmail.com' WHERE 1;100000;401
2018.04.08_21:46:05;Egyedi: UPDATE Tanulok SET Email='updatelt@gmail.com' WHERE 1;100000;431
2018.04.08_21:46:06;Egyedi: UPDATE Tanulok SET Email='updatelt@gmail.com' WHERE 1;100000;458
2018.04.08_21:46:06;Egyedi: UPDATE Tanulok SET Email='updatelt@gmail.com' WHERE 1;100000;465
2018.04.08_21:46:07;Egyedi: UPDATE Tanulok SET Email='updatelt@gmail.com' WHERE 1;100000;441
2018.04.08_21:46:07;Egyedi: UPDATE Tanulok SET Email='updatelt@gmail.com' WHERE 1;100000;463
2018.04.08_21:46:08;Egyedi: UPDATE Tanulok SET Email='updatelt@gmail.com' WHERE 1;100000;508
2018.04.08_21:46:08;Egyedi: UPDATE Tanulok SET Email='updatelt@gmail.com' WHERE 1;100000;422
2018.04.08_21:46:08;Egyedi: UPDATE Tanulok SET Email='updatelt@gmail.com' WHERE 1;100000;449
2018.04.08_21:46:09;Egyedi: UPDATE Tanulok SET Email='updatelt@gmail.com' WHERE 1;100000;517
2018.04.08_21:46:09;Egyedi: UPDATE Tanulok SET Email='updatelt@gmail.com' WHERE 1;100000;449
2018.04.08_21:46:10;Egyedi: UPDATE Tanulok SET Email='updatelt@gmail.com' WHERE 1;100000;401
2018.04.08_21:46:10;Egyedi: UPDATE Tanulok SET Email='updatelt@gmail.com' WHERE 1;100000;545
2018.04.08_21:46:11;Egyedi: UPDATE Tanulok SET Email='updatelt@gmail.com' WHERE 1;100000;453
2018.04.08_21:46:11;Egyedi: UPDATE Tanulok SET Email='updatelt@gmail.com' WHERE 1;100000;477
2018.04.08_21:46:12;Egyedi: UPDATE Tanulok SET Email='updatelt@gmail.com' WHERE 1;100000;483
2018.04.08_21:46:12;Egyedi: UPDATE Tanulok SET Email='updatelt@gmail.com' WHERE 1;100000;485
2018.04.08_21:46:13;Egyedi: UPDATE Tanulok SET Email='updatelt@gmail.com' WHERE 1;100000;437
2018.04.08_21:46:13;Egyedi: UPDATE Tanulok SET Email='updatelt@gmail.com' WHERE 1;100000;446
2018.04.08_21:46:14;Egyedi: UPDATE Tanulok SET Email='updatelt@gmail.com' WHERE 1;100000;597
2018.04.08_21:46:14;Egyedi: UPDATE Tanulok SET Email='updatelt@gmail.com' WHERE 1;100000;419
